exercise_id,tag_id
dumbbell-bench-press-flat,1
dumbbell-bench-press-flat,5
dumbbell-bench-press-flat,8
barbell-bench-press,5
barbell-bench-press,8
push-ups,1
push-ups,2
push-ups,4
push-ups,5
push-ups,8
incline-dumbbell-press,1
incline-dumbbell-press,5
incline-dumbbell-press,8
dips-chest-focus,5
dips-chest-focus,8
dips-chest-focus,9
machine-chest-press-plate-loaded,1
machine-chest-press-plate-loaded,5
machine-chest-press-plate-loaded,8
machine-chest-press-plate-loaded,10
smith-machine-bench-press,1
smith-machine-bench-press,5
smith-machine-bench-press,8
smith-machine-bench-press,10
decline-dumbbell-press,1
decline-dumbbell-press,5
decline-dumbbell-press,8
push-ups-on-handles,1
push-ups-on-handles,2
push-ups-on-handles,4
push-ups-on-handles,5
push-ups-on-handles,8
dumbbell-fly-flat-bench,5
dumbbell-fly-flat-bench,8
dumbbell-fly-floor,5
dumbbell-fly-floor,8
dumbbell-fly-floor,1
dumbbell-fly-floor,2
dumbbell-fly-incline-bench,5
dumbbell-fly-incline-bench,8
dumbbell-fly-incline-bench,11
cable-fly-flat,5
cable-fly-flat,8
cable-fly-flat,11
cable-fly-flat,12
cable-fly-flat,13
cable-fly-standing,5
cable-fly-standing,8
cable-fly-standing,11
cable-fly-standing,12
cable-fly-standing,13
pec-deck-fly,5
pec-deck-fly,8
pec-deck-fly,11
pec-deck-fly,13
cable-crossover-low-to-high,5
cable-crossover-low-to-high,8
cable-crossover-low-to-high,11
cable-crossover-low-to-high,12
cable-crossover-low-to-high,13
dumbbell-pullover,5
dumbbell-pullover,8
dumbbell-pullover,11
resistance-band-fly,5
resistance-band-fly,8
resistance-band-fly,11
resistance-band-fly,2
resistance-band-fly,1
incline-barbell-bench-press,5
incline-barbell-bench-press,8
incline-barbell-bench-press,13
decline-barbell-bench-press,5
decline-barbell-bench-press,8
decline-barbell-bench-press,13
close-grip-push-ups,1
close-grip-push-ups,2
close-grip-push-ups,4
close-grip-push-ups,5
close-grip-push-ups,8
wide-grip-push-ups,1
wide-grip-push-ups,2
wide-grip-push-ups,4
wide-grip-push-ups,5
wide-grip-push-ups,8
decline-push-ups,2
decline-push-ups,5
decline-push-ups,8
decline-push-ups,14
decline-push-ups,15
decline-push-ups,16
incline-push-ups,1
incline-push-ups,2
incline-push-ups,4
incline-push-ups,5
incline-push-ups,8
incline-push-ups,14
plyometric-push-ups,15
plyometric-push-ups,2
plyometric-push-ups,17
plyometric-push-ups,5
plyometric-push-ups,8
ring-push-ups,5
ring-push-ups,8
ring-push-ups,17
ring-push-ups,14
ring-push-ups,18
dumbbell-press-neutral-grip,5
dumbbell-press-neutral-grip,8
dumbbell-press-neutral-grip,13
dumbbell-press-neutral-grip,15
dumbbell-press-neutral-grip,19
smith-machine-incline-bench-press,5
smith-machine-incline-bench-press,8
smith-machine-incline-bench-press,13
smith-machine-incline-bench-press,15
smith-machine-incline-bench-press,16
smith-machine-decline-bench-press,5
smith-machine-decline-bench-press,8
smith-machine-decline-bench-press,13
smith-machine-decline-bench-press,15
cable-crossover-high-to-low,5
cable-crossover-high-to-low,8
cable-crossover-high-to-low,11
cable-crossover-high-to-low,12
cable-crossover-high-to-low,13
cable-crossover-high-to-low,15
one-arm-push-up,5
one-arm-push-up,8
one-arm-push-up,14
one-arm-push-up,17
one-arm-push-up,2
hammer-chest-press-one-arm,5
hammer-chest-press-one-arm,8
hammer-chest-press-one-arm,13
hammer-chest-press-one-arm,17
cable-pullover,5
cable-pullover,8
cable-pullover,11
cable-pullover,12
cable-pullover,13
cable-pullover,15
dumbbell-fly-decline-bench,5
dumbbell-fly-decline-bench,8
dumbbell-fly-decline-bench,11
weighted-push-ups,5
weighted-push-ups,8
weighted-push-ups,14
weighted-push-ups,2
weighted-push-ups,15
dumbbell-bench-press-alternating-floor,5
dumbbell-bench-press-alternating-floor,8
dumbbell-bench-press-alternating-floor,15
dumbbell-bench-press-alternating-floor,2
dumbbell-bench-press-alternating-floor,19
alternating-dumbbell-bench-press,5
alternating-dumbbell-bench-press,8
alternating-dumbbell-bench-press,13
alternating-dumbbell-bench-press,15
alternating-dumbbell-bench-press,3
incline-alternating-dumbbell-press,5
incline-alternating-dumbbell-press,8
incline-alternating-dumbbell-press,13
incline-alternating-dumbbell-press,15
svend-press,1
svend-press,5
svend-press,8
svend-press,11
svend-press,2
incline-alternating-dumbbell-press,16
neutral-grip-barbell-bench-press,5
neutral-grip-barbell-bench-press,8
neutral-grip-barbell-bench-press,13
neutral-grip-barbell-bench-press,19
neutral-grip-barbell-bench-press,15
kettlebell-floor-press,5
kettlebell-floor-press,8
kettlebell-floor-press,2
kettlebell-floor-press,15
kettlebell-floor-press,19
landmine-press,5
landmine-press,8
landmine-press,13
landmine-press,15
trx-push-ups,5
trx-push-ups,8
trx-push-ups,14
trx-push-ups,15
trx-push-ups,18
diamond-push-ups,5
diamond-push-ups,8
diamond-push-ups,14
diamond-push-ups,15
diamond-push-ups,2
diamond-push-ups,4
push-ups-with-pause,1
push-ups-with-pause,2
push-ups-with-pause,5
push-ups-with-pause,8
push-ups-with-pause,14
push-ups-with-pause,15
archer-push-ups,17
archer-push-ups,14
archer-push-ups,5
archer-push-ups,8
archer-push-ups,2
barbell-floor-press,5
barbell-floor-press,8
barbell-floor-press,13
barbell-floor-press,17
barbell-floor-press,19
hammer-strength-chest-press,5
hammer-strength-chest-press,8
hammer-strength-chest-press,13
hammer-strength-chest-press,15
hammer-strength-chest-press,19
standing-cable-crossover-press,5
standing-cable-crossover-press,8
standing-cable-crossover-press,12
standing-cable-crossover-press,13
standing-cable-crossover-press,15
incline-hammer-strength-press,5
incline-hammer-strength-press,8
incline-hammer-strength-press,13
incline-hammer-strength-press,15
incline-hammer-strength-press,16
explosive-medicine-ball-press,5
explosive-medicine-ball-press,8
explosive-medicine-ball-press,15
explosive-medicine-ball-press,2
explosive-medicine-ball-press,3
pull-ups-wide-grip,5
pull-ups-wide-grip,8
pull-ups-wide-grip,14
pull-ups-wide-grip,15
pull-ups-medium-grip,1
pull-ups-medium-grip,5
pull-ups-medium-grip,8
pull-ups-medium-grip,14
pull-ups-close-grip,5
pull-ups-close-grip,8
pull-ups-close-grip,14
pull-ups-close-grip,15
pull-ups-underhand-grip,1
pull-ups-underhand-grip,5
pull-ups-underhand-grip,8
pull-ups-underhand-grip,14
pull-ups-neutral-grip,5
pull-ups-neutral-grip,8
pull-ups-neutral-grip,14
pull-ups-neutral-grip,15
pull-ups-neutral-grip,19
pull-ups-archer,5
pull-ups-archer,8
pull-ups-archer,14
pull-ups-archer,17
pull-ups-one-arm,5
pull-ups-one-arm,8
pull-ups-one-arm,14
pull-ups-one-arm,17
pull-ups-weighted,5
pull-ups-weighted,8
pull-ups-weighted,14
pull-ups-weighted,15
pull-ups-l-sit,5
pull-ups-l-sit,8
pull-ups-l-sit,14
pull-ups-l-sit,17
pull-ups-l-sit,3
pull-ups-behind-neck,5
pull-ups-behind-neck,8
pull-ups-behind-neck,14
pull-ups-behind-neck,17
explosive-pull-ups,5
explosive-pull-ups,8
explosive-pull-ups,14
explosive-pull-ups,17
scapular-retraction-hang,1
scapular-retraction-hang,2
scapular-retraction-hang,5
scapular-retraction-hang,8
scapular-retraction-hang,14
dead-hang,1
dead-hang,2
dead-hang,5
dead-hang,8
dead-hang,14
chest-to-bar-pull-ups,5
chest-to-bar-pull-ups,8
chest-to-bar-pull-ups,14
chest-to-bar-pull-ups,15
muscle-up,5
muscle-up,8
muscle-up,14
muscle-up,17
pull-ups-rings,5
pull-ups-rings,8
pull-ups-rings,14
pull-ups-rings,17
pull-ups-rings,18
pull-ups-rings-wide-grip,5
pull-ups-rings-wide-grip,8
pull-ups-rings-wide-grip,14
pull-ups-rings-wide-grip,17
pull-ups-rings-wide-grip,18
trx-row-standing,5
trx-row-standing,8
trx-row-standing,14
trx-row-standing,15
trx-row-standing,18
trx-row-standing,3
trx-pull-ups-assisted,1
trx-pull-ups-assisted,5
trx-pull-ups-assisted,8
trx-pull-ups-assisted,14
trx-pull-ups-assisted,18
lat-pulldown-wide-grip,5
lat-pulldown-wide-grip,8
lat-pulldown-wide-grip,13
lat-pulldown-wide-grip,15
lat-pulldown-medium-grip,1
lat-pulldown-medium-grip,5
lat-pulldown-medium-grip,8
lat-pulldown-medium-grip,13
lat-pulldown-close-grip,5
lat-pulldown-close-grip,8
lat-pulldown-close-grip,13
lat-pulldown-close-grip,15
lat-pulldown-underhand-grip,1
lat-pulldown-underhand-grip,5
lat-pulldown-underhand-grip,8
lat-pulldown-underhand-grip,13
lat-pulldown-neutral-grip,5
lat-pulldown-neutral-grip,8
lat-pulldown-neutral-grip,13
lat-pulldown-neutral-grip,19
lat-pulldown-behind-neck,5
lat-pulldown-behind-neck,8
lat-pulldown-behind-neck,13
lat-pulldown-behind-neck,17
lat-pulldown-behind-neck,19
lat-pulldown-straight-arm,5
lat-pulldown-straight-arm,8
lat-pulldown-straight-arm,11
lat-pulldown-straight-arm,13
lat-pulldown-one-arm,5
lat-pulldown-one-arm,8
lat-pulldown-one-arm,13
lat-pulldown-one-arm,17
lat-pulldown-wide-grip-chest,5
lat-pulldown-wide-grip-chest,8
lat-pulldown-wide-grip-chest,13
cable-pulldown-standing,5
cable-pulldown-standing,8
cable-pulldown-standing,12
cable-pulldown-standing,13
cable-pulldown-standing,3
cable-pulldown-seated,5
cable-pulldown-seated,8
cable-pulldown-seated,12
cable-pulldown-seated,13
cable-pulldown-seated,1
australian-pull-ups,1
australian-pull-ups,2
australian-pull-ups,5
australian-pull-ups,8
australian-pull-ups,14
australian-pull-ups-feet-elevated,2
australian-pull-ups-feet-elevated,5
australian-pull-ups-feet-elevated,8
australian-pull-ups-feet-elevated,14
australian-pull-ups-feet-elevated,15
australian-pull-ups-underhand-grip,1
australian-pull-ups-underhand-grip,2
australian-pull-ups-underhand-grip,5
australian-pull-ups-underhand-grip,8
australian-pull-ups-underhand-grip,14
dumbbell-one-arm-row,5
dumbbell-one-arm-row,8
dumbbell-one-arm-row,13
dumbbell-one-arm-row,15
dumbbell-one-arm-row,3
dumbbell-bent-over-row,5
dumbbell-bent-over-row,8
dumbbell-bent-over-row,13
dumbbell-bent-over-row,15
dumbbell-incline-bench-row,5
dumbbell-incline-bench-row,8
dumbbell-incline-bench-row,13
dumbbell-incline-bench-row,1
plank-row,5
plank-row,8
plank-row,17
plank-row,3
barbell-bent-over-row,5
barbell-bent-over-row,8
barbell-bent-over-row,13
barbell-bent-over-row,15
barbell-bent-over-row-underhand,5
barbell-bent-over-row-underhand,8
barbell-bent-over-row-underhand,13
barbell-bent-over-row-underhand,15
yates-row,5
yates-row,8
yates-row,13
yates-row,15
pendlay-row,5
pendlay-row,8
pendlay-row,13
pendlay-row,17
ez-bar-bent-over-row,5
ez-bar-bent-over-row,8
ez-bar-bent-over-row,13
ez-bar-bent-over-row,15
swiss-bar-row,5
swiss-bar-row,8
swiss-bar-row,13
swiss-bar-row,19
cable-seated-row,5
cable-seated-row,8
cable-seated-row,12
cable-seated-row,13
cable-standing-row,5
cable-standing-row,8
cable-standing-row,12
cable-standing-row,13
cable-one-arm-row,5
cable-one-arm-row,8
cable-one-arm-row,12
cable-one-arm-row,13
cable-wide-grip-row,5
cable-wide-grip-row,8
cable-wide-grip-row,12
cable-wide-grip-row,13
cable-close-grip-row,5
cable-close-grip-row,8
cable-close-grip-row,12
cable-close-grip-row,13
cable-horizontal-row-underhand-grip,5
cable-horizontal-row-underhand-grip,8
cable-horizontal-row-underhand-grip,12
cable-horizontal-row-underhand-grip,13
cable-horizontal-row-neutral-grip,5
cable-horizontal-row-neutral-grip,8
cable-horizontal-row-neutral-grip,12
cable-horizontal-row-neutral-grip,13
cable-horizontal-row-neutral-grip,19
cable-crossover-row-high,5
cable-crossover-row-high,8
cable-crossover-row-high,12
cable-crossover-row-high,13
cable-crossover-row-low,5
cable-crossover-row-low,8
cable-crossover-row-low,12
cable-crossover-row-low,13
cable-horizontal-row-kneeling,5
cable-horizontal-row-kneeling,8
cable-horizontal-row-kneeling,12
cable-horizontal-row-kneeling,13
hammer-strength-row,5
hammer-strength-row,8
hammer-strength-row,13
hammer-strength-row,15
t-bar-row-machine,5
t-bar-row-machine,8
t-bar-row-machine,13
t-bar-row-machine,15
trx-row,1
trx-row,5
trx-row,8
trx-row,14
trx-row,18
trx-row,3
trx-row-wide-grip,5
trx-row-wide-grip,8
trx-row-wide-grip,14
trx-row-wide-grip,15
trx-row-wide-grip,18
trx-row-wide-grip,3
trx-row-close-grip,5
trx-row-close-grip,8
trx-row-close-grip,14
trx-row-close-grip,15
trx-row-close-grip,18
trx-row-close-grip,3
trx-row-archer,5
trx-row-archer,8
trx-row-archer,14
trx-row-archer,17
trx-row-archer,18
trx-row-archer,3
