exercise_id,keyword_id
dumbbell-bench-press-flat,12
dumbbell-bench-press-flat,13
dumbbell-bench-press-flat,14
dumbbell-bench-press-flat,15
dumbbell-bench-press-flat,16
dumbbell-bench-press-flat,17
dumbbell-bench-press-flat,18
dumbbell-bench-press-flat,19
dumbbell-bench-press-flat,6
dumbbell-bench-press-flat,7
dumbbell-bench-press-flat,8
barbell-bench-press,11
barbell-bench-press,3
barbell-bench-press,14
barbell-bench-press,16
barbell-bench-press,17
barbell-bench-press,18
barbell-bench-press,19
barbell-bench-press,6
barbell-bench-press,7
barbell-bench-press,8
push-ups,1
push-ups,2
push-ups,3
push-ups,4
push-ups,5
push-ups,6
push-ups,7
push-ups,8
push-ups,9
push-ups,10
incline-dumbbell-press,12
incline-dumbbell-press,13
incline-dumbbell-press,14
incline-dumbbell-press,15
incline-dumbbell-press,16
incline-dumbbell-press,17
incline-dumbbell-press,18
incline-dumbbell-press,19
incline-dumbbell-press,6
incline-dumbbell-press,7
incline-dumbbell-press,8
dips-chest-focus,21
dips-chest-focus,22
dips-chest-focus,23
dips-chest-focus,24
dips-chest-focus,25
dips-chest-focus,6
dips-chest-focus,7
dips-chest-focus,8
dips-chest-focus,9
dips-chest-focus,10
machine-chest-press-plate-loaded,26
machine-chest-press-plate-loaded,27
machine-chest-press-plate-loaded,28
machine-chest-press-plate-loaded,29
machine-chest-press-plate-loaded,30
machine-chest-press-plate-loaded,6
machine-chest-press-plate-loaded,7
machine-chest-press-plate-loaded,8
machine-chest-press-plate-loaded,18
machine-chest-press-plate-loaded,20
smith-machine-bench-press,31
smith-machine-bench-press,32
smith-machine-bench-press,33
smith-machine-bench-press,34
smith-machine-bench-press,6
smith-machine-bench-press,7
smith-machine-bench-press,8
smith-machine-bench-press,11
smith-machine-bench-press,18
smith-machine-bench-press,20
decline-dumbbell-press,12
decline-dumbbell-press,13
decline-dumbbell-press,35
decline-dumbbell-press,36
decline-dumbbell-press,37
decline-dumbbell-press,38
decline-dumbbell-press,6
decline-dumbbell-press,7
decline-dumbbell-press,8
decline-dumbbell-press,18
decline-dumbbell-press,20
push-ups-on-handles,1
push-ups-on-handles,2
push-ups-on-handles,3
push-ups-on-handles,4
push-ups-on-handles,39
push-ups-on-handles,40
push-ups-on-handles,41
push-ups-on-handles,42
push-ups-on-handles,6
push-ups-on-handles,7
push-ups-on-handles,8
push-ups-on-handles,9
push-ups-on-handles,10
dumbbell-fly-flat-bench,6
dumbbell-fly-flat-bench,12
dumbbell-fly-flat-bench,13
dumbbell-fly-flat-bench,16
dumbbell-fly-flat-bench,17
dumbbell-fly-flat-bench,19
dumbbell-fly-flat-bench,20
dumbbell-fly-flat-bench,25
dumbbell-fly-floor,6
dumbbell-fly-floor,12
dumbbell-fly-floor,13
dumbbell-fly-floor,17
dumbbell-fly-floor,20
dumbbell-fly-floor,25
dumbbell-fly-incline-bench,6
dumbbell-fly-incline-bench,12
dumbbell-fly-incline-bench,13
dumbbell-fly-incline-bench,16
dumbbell-fly-incline-bench,17
dumbbell-fly-incline-bench,19
dumbbell-fly-incline-bench,20
dumbbell-fly-incline-bench,25
dumbbell-fly-incline-bench,43
dumbbell-fly-incline-bench,44
dumbbell-fly-incline-bench,45
dumbbell-fly-incline-bench,46
dumbbell-fly-incline-bench,47
dumbbell-fly-incline-bench,48
dumbbell-fly-incline-bench,49
dumbbell-fly-incline-bench,50
cable-fly-flat,6
cable-fly-flat,16
cable-fly-flat,17
cable-fly-flat,19
cable-fly-flat,20
cable-fly-flat,25
cable-fly-flat,51
cable-fly-flat,52
cable-fly-flat,53
cable-fly-flat,54
cable-fly-flat,55
cable-fly-flat,56
cable-fly-flat,57
cable-fly-flat,58
cable-fly-flat,59
cable-fly-flat,60
cable-fly-flat,61
cable-fly-standing,6
cable-fly-standing,17
cable-fly-standing,20
cable-fly-standing,25
cable-fly-standing,51
cable-fly-standing,52
cable-fly-standing,53
cable-fly-standing,54
cable-fly-standing,55
cable-fly-standing,56
cable-fly-standing,57
cable-fly-standing,58
cable-fly-standing,59
cable-fly-standing,60
cable-fly-standing,61
cable-fly-standing,62
cable-fly-standing,63
cable-fly-standing,64
cable-fly-standing,65
cable-fly-standing,66
cable-fly-standing,67
cable-fly-standing,68
cable-fly-standing,69
cable-fly-standing,70
cable-fly-standing,71
pec-deck-fly,6
pec-deck-fly,16
pec-deck-fly,17
pec-deck-fly,20
pec-deck-fly,25
pec-deck-fly,51
pec-deck-fly,52
pec-deck-fly,53
pec-deck-fly,54
pec-deck-fly,55
pec-deck-fly,56
pec-deck-fly,57
pec-deck-fly,58
pec-deck-fly,59
pec-deck-fly,60
pec-deck-fly,61
pec-deck-fly,72
cable-crossover-low-to-high,6
cable-crossover-low-to-high,16
cable-crossover-low-to-high,17
cable-crossover-low-to-high,20
cable-crossover-low-to-high,25
cable-crossover-low-to-high,51
cable-crossover-low-to-high,52
cable-crossover-low-to-high,53
cable-crossover-low-to-high,54
cable-crossover-low-to-high,55
cable-crossover-low-to-high,56
cable-crossover-low-to-high,57
cable-crossover-low-to-high,58
cable-crossover-low-to-high,59
cable-crossover-low-to-high,60
cable-crossover-low-to-high,61
cable-crossover-low-to-high,73
dumbbell-pullover,6
dumbbell-pullover,16
dumbbell-pullover,17
dumbbell-pullover,20
dumbbell-pullover,25
dumbbell-pullover,51
dumbbell-pullover,52
dumbbell-pullover,53
dumbbell-pullover,54
dumbbell-pullover,55
dumbbell-pullover,56
dumbbell-pullover,57
dumbbell-pullover,58
dumbbell-pullover,59
dumbbell-pullover,60
dumbbell-pullover,61
dumbbell-pullover,74
resistance-band-fly,6
resistance-band-fly,16
resistance-band-fly,17
resistance-band-fly,20
resistance-band-fly,25
resistance-band-fly,51
resistance-band-fly,52
resistance-band-fly,53
resistance-band-fly,54
resistance-band-fly,55
resistance-band-fly,56
resistance-band-fly,57
resistance-band-fly,58
resistance-band-fly,59
resistance-band-fly,60
resistance-band-fly,61
resistance-band-fly,75
incline-barbell-bench-press,6
incline-barbell-bench-press,7
incline-barbell-bench-press,8
incline-barbell-bench-press,11
incline-barbell-bench-press,17
incline-barbell-bench-press,18
incline-barbell-bench-press,19
incline-barbell-bench-press,47
incline-barbell-bench-press,48
incline-barbell-bench-press,49
incline-barbell-bench-press,72
incline-barbell-bench-press,73
incline-barbell-bench-press,74
incline-barbell-bench-press,75
incline-barbell-bench-press,76
incline-barbell-bench-press,77
decline-barbell-bench-press,6
decline-barbell-bench-press,7
decline-barbell-bench-press,8
decline-barbell-bench-press,11
decline-barbell-bench-press,17
decline-barbell-bench-press,18
decline-barbell-bench-press,19
decline-barbell-bench-press,35
decline-barbell-bench-press,36
decline-barbell-bench-press,38
decline-barbell-bench-press,76
decline-barbell-bench-press,77
decline-barbell-bench-press,78
decline-barbell-bench-press,79
decline-barbell-bench-press,80
close-grip-push-ups,1
close-grip-push-ups,2
close-grip-push-ups,3
close-grip-push-ups,4
close-grip-push-ups,6
close-grip-push-ups,7
close-grip-push-ups,8
close-grip-push-ups,10
close-grip-push-ups,81
close-grip-push-ups,82
close-grip-push-ups,83
close-grip-push-ups,84
close-grip-push-ups,85
close-grip-push-ups,86
close-grip-push-ups,87
close-grip-push-ups,88
wide-grip-push-ups,1
wide-grip-push-ups,2
wide-grip-push-ups,3
wide-grip-push-ups,4
wide-grip-push-ups,6
wide-grip-push-ups,7
wide-grip-push-ups,10
wide-grip-push-ups,17
wide-grip-push-ups,89
wide-grip-push-ups,90
wide-grip-push-ups,91
wide-grip-push-ups,92
wide-grip-push-ups,93
wide-grip-push-ups,94
wide-grip-push-ups,95
decline-push-ups,1
decline-push-ups,2
decline-push-ups,3
decline-push-ups,6
decline-push-ups,7
decline-push-ups,10
decline-push-ups,17
decline-push-ups,35
decline-push-ups,49
decline-push-ups,50
decline-push-ups,96
decline-push-ups,97
decline-push-ups,98
decline-push-ups,99
decline-push-ups,100
decline-push-ups,101
decline-push-ups,102
decline-push-ups,103
incline-push-ups,1
incline-push-ups,2
incline-push-ups,3
incline-push-ups,4
incline-push-ups,6
incline-push-ups,7
incline-push-ups,8
incline-push-ups,10
incline-push-ups,99
incline-push-ups,102
incline-push-ups,104
incline-push-ups,105
incline-push-ups,106
incline-push-ups,107
plyometric-push-ups,108
plyometric-push-ups,109
plyometric-push-ups,110
plyometric-push-ups,111
plyometric-push-ups,112
plyometric-push-ups,113
plyometric-push-ups,114
plyometric-push-ups,115
plyometric-push-ups,116
plyometric-push-ups,117
plyometric-push-ups,118
plyometric-push-ups,1
plyometric-push-ups,6
plyometric-push-ups,7
plyometric-push-ups,8
plyometric-push-ups,10
ring-push-ups,119
ring-push-ups,120
ring-push-ups,121
ring-push-ups,122
ring-push-ups,123
ring-push-ups,124
ring-push-ups,125
ring-push-ups,126
ring-push-ups,127
ring-push-ups,128
dumbbell-press-neutral-grip,129
dumbbell-press-neutral-grip,130
dumbbell-press-neutral-grip,131
dumbbell-press-neutral-grip,132
dumbbell-press-neutral-grip,133
dumbbell-press-neutral-grip,134
dumbbell-press-neutral-grip,135
dumbbell-press-neutral-grip,136
dumbbell-press-neutral-grip,6
dumbbell-press-neutral-grip,8
dumbbell-press-neutral-grip,12
dumbbell-press-neutral-grip,15
dumbbell-press-neutral-grip,17
dumbbell-press-neutral-grip,18
smith-machine-incline-bench-press,31
smith-machine-incline-bench-press,32
smith-machine-incline-bench-press,33
smith-machine-incline-bench-press,47
smith-machine-incline-bench-press,49
smith-machine-incline-bench-press,72
smith-machine-incline-bench-press,137
smith-machine-incline-bench-press,138
smith-machine-incline-bench-press,139
smith-machine-incline-bench-press,140
smith-machine-incline-bench-press,141
smith-machine-incline-bench-press,142
smith-machine-incline-bench-press,143
smith-machine-incline-bench-press,144
smith-machine-decline-bench-press,31
smith-machine-decline-bench-press,32
smith-machine-decline-bench-press,33
smith-machine-decline-bench-press,6
smith-machine-decline-bench-press,7
smith-machine-decline-bench-press,8
smith-machine-decline-bench-press,11
smith-machine-decline-bench-press,18
smith-machine-decline-bench-press,35
smith-machine-decline-bench-press,36
smith-machine-decline-bench-press,38
smith-machine-decline-bench-press,145
smith-machine-decline-bench-press,146
smith-machine-decline-bench-press,147
smith-machine-decline-bench-press,148
smith-machine-decline-bench-press,149
smith-machine-decline-bench-press,150
smith-machine-decline-bench-press,151
smith-machine-decline-bench-press,152
smith-machine-decline-bench-press,153
cable-crossover-high-to-low,6
cable-crossover-high-to-low,17
cable-crossover-high-to-low,20
cable-crossover-high-to-low,25
cable-crossover-high-to-low,38
cable-crossover-high-to-low,51
cable-crossover-high-to-low,52
cable-crossover-high-to-low,53
cable-crossover-high-to-low,54
cable-crossover-high-to-low,55
cable-crossover-high-to-low,56
cable-crossover-high-to-low,57
cable-crossover-high-to-low,58
cable-crossover-high-to-low,59
cable-crossover-high-to-low,60
cable-crossover-high-to-low,61
cable-crossover-high-to-low,62
cable-crossover-high-to-low,63
cable-crossover-high-to-low,154
cable-crossover-high-to-low,155
cable-crossover-high-to-low,156
cable-crossover-high-to-low,157
cable-crossover-high-to-low,158
cable-crossover-high-to-low,159
one-arm-push-up,160
one-arm-push-up,161
one-arm-push-up,162
one-arm-push-up,163
one-arm-push-up,164
one-arm-push-up,165
one-arm-push-up,166
one-arm-push-up,167
one-arm-push-up,168
one-arm-push-up,169
one-arm-push-up,170
hammer-chest-press-one-arm,26
hammer-chest-press-one-arm,27
hammer-chest-press-one-arm,28
hammer-chest-press-one-arm,29
hammer-chest-press-one-arm,6
hammer-chest-press-one-arm,7
hammer-chest-press-one-arm,8
hammer-chest-press-one-arm,18
hammer-chest-press-one-arm,30
hammer-chest-press-one-arm,171
hammer-chest-press-one-arm,172
hammer-chest-press-one-arm,173
hammer-chest-press-one-arm,174
hammer-chest-press-one-arm,175
hammer-chest-press-one-arm,176
hammer-chest-press-one-arm,177
cable-pullover,178
cable-pullover,179
cable-pullover,180
cable-pullover,181
cable-pullover,182
cable-pullover,183
cable-pullover,184
cable-pullover,185
cable-pullover,186
cable-pullover,187
cable-pullover,188
cable-pullover,6
cable-pullover,16
cable-pullover,17
cable-pullover,53
cable-pullover,54
cable-pullover,55
cable-pullover,56
dumbbell-fly-decline-bench,6
dumbbell-fly-decline-bench,12
dumbbell-fly-decline-bench,13
dumbbell-fly-decline-bench,16
dumbbell-fly-decline-bench,17
dumbbell-fly-decline-bench,19
dumbbell-fly-decline-bench,20
dumbbell-fly-decline-bench,25
weighted-push-ups,1
weighted-push-ups,2
weighted-push-ups,3
weighted-push-ups,6
weighted-push-ups,7
weighted-push-ups,8
weighted-push-ups,10
weighted-push-ups,20
weighted-push-ups,189
weighted-push-ups,190
weighted-push-ups,191
weighted-push-ups,192
weighted-push-ups,193
weighted-push-ups,194
weighted-push-ups,195
weighted-push-ups,196
weighted-push-ups,197
dumbbell-bench-press-alternating-floor,6
dumbbell-bench-press-alternating-floor,12
dumbbell-bench-press-alternating-floor,13
dumbbell-bench-press-alternating-floor,17
dumbbell-bench-press-alternating-floor,18
dumbbell-bench-press-alternating-floor,198
dumbbell-bench-press-alternating-floor,199
dumbbell-bench-press-alternating-floor,200
dumbbell-bench-press-alternating-floor,201
dumbbell-bench-press-alternating-floor,202
dumbbell-bench-press-alternating-floor,203
dumbbell-bench-press-alternating-floor,204
dumbbell-bench-press-alternating-floor,205
dumbbell-bench-press-alternating-floor,206
dumbbell-bench-press-alternating-floor,207
dumbbell-bench-press-alternating-floor,208
alternating-dumbbell-bench-press,6
alternating-dumbbell-bench-press,12
alternating-dumbbell-bench-press,13
alternating-dumbbell-bench-press,16
alternating-dumbbell-bench-press,17
alternating-dumbbell-bench-press,18
alternating-dumbbell-bench-press,198
alternating-dumbbell-bench-press,201
alternating-dumbbell-bench-press,207
alternating-dumbbell-bench-press,208
alternating-dumbbell-bench-press,209
alternating-dumbbell-bench-press,210
alternating-dumbbell-bench-press,211
alternating-dumbbell-bench-press,212
alternating-dumbbell-bench-press,213
alternating-dumbbell-bench-press,214
alternating-dumbbell-bench-press,215
alternating-dumbbell-bench-press,216
alternating-dumbbell-bench-press,217
incline-alternating-dumbbell-press,13
incline-alternating-dumbbell-press,48
incline-alternating-dumbbell-press,49
incline-alternating-dumbbell-press,207
incline-alternating-dumbbell-press,208
incline-alternating-dumbbell-press,218
incline-alternating-dumbbell-press,219
incline-alternating-dumbbell-press,220
incline-alternating-dumbbell-press,221
incline-alternating-dumbbell-press,222
incline-alternating-dumbbell-press,223
incline-alternating-dumbbell-press,224
svend-press,225
svend-press,226
svend-press,227
svend-press,228
svend-press,229
svend-press,230
svend-press,231
svend-press,232
svend-press,233
svend-press,235
svend-press,237
neutral-grip-barbell-bench-press,238
neutral-grip-barbell-bench-press,239
neutral-grip-barbell-bench-press,240
neutral-grip-barbell-bench-press,241
neutral-grip-barbell-bench-press,242
neutral-grip-barbell-bench-press,243
neutral-grip-barbell-bench-press,244
neutral-grip-barbell-bench-press,245
neutral-grip-barbell-bench-press,246
neutral-grip-barbell-bench-press,247
neutral-grip-barbell-bench-press,248
neutral-grip-barbell-bench-press,249
neutral-grip-barbell-bench-press,250
neutral-grip-barbell-bench-press,251
neutral-grip-barbell-bench-press,252
neutral-grip-barbell-bench-press,253
neutral-grip-barbell-bench-press,254
kettlebell-floor-press,255
kettlebell-floor-press,256
kettlebell-floor-press,257
kettlebell-floor-press,258
kettlebell-floor-press,259
kettlebell-floor-press,260
kettlebell-floor-press,261
kettlebell-floor-press,262
kettlebell-floor-press,263
kettlebell-floor-press,6
kettlebell-floor-press,18
kettlebell-floor-press,17
landmine-press,264
landmine-press,265
landmine-press,266
landmine-press,267
landmine-press,268
landmine-press,269
landmine-press,62
landmine-press,71
landmine-press,270
landmine-press,271
landmine-press,6
landmine-press,7
trx-push-ups,1
trx-push-ups,2
trx-push-ups,3
trx-push-ups,6
trx-push-ups,7
trx-push-ups,8
trx-push-ups,10
trx-push-ups,127
trx-push-ups,272
trx-push-ups,273
trx-push-ups,274
trx-push-ups,275
trx-push-ups,276
trx-push-ups,277
trx-push-ups,278
trx-push-ups,279
trx-push-ups,280
trx-push-ups,281
trx-push-ups,282
trx-push-ups,283
diamond-push-ups,1
diamond-push-ups,2
diamond-push-ups,3
diamond-push-ups,6
diamond-push-ups,8
diamond-push-ups,85
diamond-push-ups,88
diamond-push-ups,287
diamond-push-ups,288
diamond-push-ups,289
diamond-push-ups,290
diamond-push-ups,291
diamond-push-ups,292
diamond-push-ups,293
push-ups-with-pause,1
push-ups-with-pause,2
push-ups-with-pause,6
push-ups-with-pause,294
push-ups-with-pause,295
push-ups-with-pause,296
push-ups-with-pause,297
push-ups-with-pause,298
push-ups-with-pause,299
push-ups-with-pause,300
push-ups-with-pause,301
archer-push-ups,1
archer-push-ups,2
archer-push-ups,3
archer-push-ups,6
archer-push-ups,7
archer-push-ups,163
archer-push-ups,164
archer-push-ups,302
archer-push-ups,303
archer-push-ups,304
archer-push-ups,305
archer-push-ups,306
archer-push-ups,307
archer-push-ups,308
barbell-floor-press,76
barbell-floor-press,77
barbell-floor-press,261
barbell-floor-press,262
barbell-floor-press,263
barbell-floor-press,309
barbell-floor-press,310
barbell-floor-press,311
barbell-floor-press,312
barbell-floor-press,313
hammer-strength-chest-press,314
hammer-strength-chest-press,315
hammer-strength-chest-press,316
hammer-strength-chest-press,317
hammer-strength-chest-press,318
standing-cable-crossover-press,6
standing-cable-crossover-press,18
standing-cable-crossover-press,51
standing-cable-crossover-press,53
standing-cable-crossover-press,54
standing-cable-crossover-press,62
standing-cable-crossover-press,63
standing-cable-crossover-press,64
standing-cable-crossover-press,65
standing-cable-crossover-press,70
standing-cable-crossover-press,71
incline-hammer-strength-press,49
incline-hammer-strength-press,50
incline-hammer-strength-press,314
incline-hammer-strength-press,315
incline-hammer-strength-press,316
incline-hammer-strength-press,319
incline-hammer-strength-press,320
incline-hammer-strength-press,321
incline-hammer-strength-press,322
explosive-medicine-ball-press,323
explosive-medicine-ball-press,324
explosive-medicine-ball-press,325
explosive-medicine-ball-press,326
explosive-medicine-ball-press,327
explosive-medicine-ball-press,328
explosive-medicine-ball-press,6
explosive-medicine-ball-press,7
explosive-medicine-ball-press,8
explosive-medicine-ball-press,117
pull-ups-wide-grip,329
pull-ups-wide-grip,330
pull-ups-wide-grip,331
pull-ups-wide-grip,332
pull-ups-wide-grip,333
pull-ups-wide-grip,334
pull-ups-wide-grip,335
pull-ups-wide-grip,336
pull-ups-wide-grip,339
pull-ups-wide-grip,340
pull-ups-wide-grip,341
pull-ups-wide-grip,342
pull-ups-wide-grip,343
pull-ups-wide-grip,344
pull-ups-wide-grip,345
pull-ups-wide-grip,346
pull-ups-wide-grip,371
pull-ups-wide-grip,374
pull-ups-wide-grip,375
pull-ups-wide-grip,377
pull-ups-medium-grip,329
pull-ups-medium-grip,330
pull-ups-medium-grip,331
pull-ups-medium-grip,332
pull-ups-medium-grip,333
pull-ups-medium-grip,334
pull-ups-medium-grip,335
pull-ups-medium-grip,336
pull-ups-medium-grip,337
pull-ups-medium-grip,338
pull-ups-medium-grip,339
pull-ups-medium-grip,340
pull-ups-medium-grip,347
pull-ups-medium-grip,348
pull-ups-medium-grip,349
pull-ups-medium-grip,350
pull-ups-medium-grip,351
pull-ups-close-grip,329
pull-ups-close-grip,330
pull-ups-close-grip,331
pull-ups-close-grip,332
pull-ups-close-grip,333
pull-ups-close-grip,334
pull-ups-close-grip,335
pull-ups-close-grip,336
pull-ups-close-grip,337
pull-ups-close-grip,338
pull-ups-close-grip,339
pull-ups-close-grip,340
pull-ups-close-grip,352
pull-ups-close-grip,353
pull-ups-close-grip,354
pull-ups-close-grip,355
pull-ups-close-grip,356
pull-ups-close-grip,357
pull-ups-close-grip,371
pull-ups-close-grip,372
pull-ups-close-grip,373
pull-ups-close-grip,374
pull-ups-underhand-grip,329
pull-ups-underhand-grip,330
pull-ups-underhand-grip,331
pull-ups-underhand-grip,332
pull-ups-underhand-grip,333
pull-ups-underhand-grip,334
pull-ups-underhand-grip,335
pull-ups-underhand-grip,336
pull-ups-underhand-grip,337
pull-ups-underhand-grip,338
pull-ups-underhand-grip,339
pull-ups-underhand-grip,340
pull-ups-underhand-grip,358
pull-ups-underhand-grip,359
pull-ups-underhand-grip,360
pull-ups-underhand-grip,361
pull-ups-underhand-grip,362
pull-ups-underhand-grip,371
pull-ups-underhand-grip,372
pull-ups-underhand-grip,373
pull-ups-underhand-grip,374
pull-ups-underhand-grip,381
pull-ups-underhand-grip,382
pull-ups-neutral-grip,329
pull-ups-neutral-grip,330
pull-ups-neutral-grip,331
pull-ups-neutral-grip,332
pull-ups-neutral-grip,333
pull-ups-neutral-grip,334
pull-ups-neutral-grip,335
pull-ups-neutral-grip,336
pull-ups-neutral-grip,337
pull-ups-neutral-grip,338
pull-ups-neutral-grip,339
pull-ups-neutral-grip,340
pull-ups-neutral-grip,363
pull-ups-neutral-grip,364
pull-ups-neutral-grip,365
pull-ups-neutral-grip,366
pull-ups-neutral-grip,367
pull-ups-neutral-grip,368
pull-ups-neutral-grip,369
pull-ups-neutral-grip,370
pull-ups-neutral-grip,371
pull-ups-neutral-grip,372
pull-ups-neutral-grip,373
pull-ups-neutral-grip,374
pull-ups-neutral-grip,375
pull-ups-neutral-grip,377
pull-ups-archer,329
pull-ups-archer,330
pull-ups-archer,331
pull-ups-archer,332
pull-ups-archer,333
pull-ups-archer,334
pull-ups-archer,335
pull-ups-archer,336
pull-ups-archer,337
pull-ups-archer,338
pull-ups-archer,339
pull-ups-archer,340
pull-ups-archer,371
pull-ups-archer,374
pull-ups-archer,375
pull-ups-archer,377
pull-ups-archer,383
pull-ups-archer,384
pull-ups-archer,385
pull-ups-archer,386
pull-ups-archer,387
pull-ups-archer,388
pull-ups-archer,389
pull-ups-archer,390
pull-ups-archer,391
pull-ups-archer,392
pull-ups-one-arm,329
pull-ups-one-arm,330
pull-ups-one-arm,331
pull-ups-one-arm,332
pull-ups-one-arm,333
pull-ups-one-arm,334
pull-ups-one-arm,335
pull-ups-one-arm,336
pull-ups-one-arm,337
pull-ups-one-arm,338
pull-ups-one-arm,339
pull-ups-one-arm,340
pull-ups-one-arm,371
pull-ups-one-arm,374
pull-ups-one-arm,375
pull-ups-one-arm,377
pull-ups-one-arm,386
pull-ups-one-arm,387
pull-ups-one-arm,393
pull-ups-one-arm,394
pull-ups-one-arm,395
pull-ups-one-arm,396
pull-ups-one-arm,397
pull-ups-one-arm,398
pull-ups-one-arm,399
pull-ups-one-arm,400
pull-ups-weighted,329
pull-ups-weighted,330
pull-ups-weighted,331
pull-ups-weighted,332
pull-ups-weighted,333
pull-ups-weighted,334
pull-ups-weighted,335
pull-ups-weighted,336
pull-ups-weighted,337
pull-ups-weighted,338
pull-ups-weighted,339
pull-ups-weighted,340
pull-ups-weighted,371
pull-ups-weighted,374
pull-ups-weighted,375
pull-ups-weighted,377
pull-ups-weighted,401
pull-ups-weighted,402
pull-ups-weighted,403
pull-ups-weighted,404
pull-ups-weighted,405
pull-ups-weighted,406
pull-ups-weighted,407
pull-ups-weighted,408
pull-ups-weighted,409
pull-ups-weighted,410
pull-ups-l-sit,329
pull-ups-l-sit,330
pull-ups-l-sit,331
pull-ups-l-sit,332
pull-ups-l-sit,333
pull-ups-l-sit,334
pull-ups-l-sit,335
pull-ups-l-sit,336
pull-ups-l-sit,337
pull-ups-l-sit,338
pull-ups-l-sit,339
pull-ups-l-sit,340
pull-ups-l-sit,371
pull-ups-l-sit,374
pull-ups-l-sit,375
pull-ups-l-sit,377
pull-ups-l-sit,411
pull-ups-l-sit,412
pull-ups-l-sit,413
pull-ups-l-sit,414
pull-ups-l-sit,415
pull-ups-l-sit,416
pull-ups-l-sit,417
pull-ups-l-sit,418
pull-ups-behind-neck,329
pull-ups-behind-neck,330
pull-ups-behind-neck,331
pull-ups-behind-neck,332
pull-ups-behind-neck,333
pull-ups-behind-neck,334
pull-ups-behind-neck,335
pull-ups-behind-neck,336
pull-ups-behind-neck,337
pull-ups-behind-neck,338
pull-ups-behind-neck,339
pull-ups-behind-neck,340
pull-ups-behind-neck,371
pull-ups-behind-neck,374
pull-ups-behind-neck,375
pull-ups-behind-neck,377
pull-ups-behind-neck,378
pull-ups-behind-neck,379
pull-ups-behind-neck,380
pull-ups-behind-neck,419
pull-ups-behind-neck,420
pull-ups-behind-neck,421
pull-ups-behind-neck,422
pull-ups-behind-neck,423
pull-ups-behind-neck,424
pull-ups-behind-neck,425
pull-ups-behind-neck,426
pull-ups-behind-neck,427
pull-ups-behind-neck,428
explosive-pull-ups,329
explosive-pull-ups,330
explosive-pull-ups,333
explosive-pull-ups,336
explosive-pull-ups,339
explosive-pull-ups,117
explosive-pull-ups,118
scapular-retraction-hang,329
scapular-retraction-hang,333
scapular-retraction-hang,339
scapular-retraction-hang,335
dead-hang,329
dead-hang,333
dead-hang,339
chest-to-bar-pull-ups,329
chest-to-bar-pull-ups,330
chest-to-bar-pull-ups,333
chest-to-bar-pull-ups,336
chest-to-bar-pull-ups,339
muscle-up,329
muscle-up,330
muscle-up,333
muscle-up,336
muscle-up,339
pull-ups-rings,329
pull-ups-rings,330
pull-ups-rings,331
pull-ups-rings,332
pull-ups-rings,333
pull-ups-rings,334
pull-ups-rings,335
pull-ups-rings,336
pull-ups-rings,339
pull-ups-rings,340
pull-ups-rings,122
pull-ups-rings,123
pull-ups-rings,124
pull-ups-rings,125
pull-ups-rings,126
pull-ups-rings,127
pull-ups-rings-wide-grip,329
pull-ups-rings-wide-grip,330
pull-ups-rings-wide-grip,331
pull-ups-rings-wide-grip,332
pull-ups-rings-wide-grip,333
pull-ups-rings-wide-grip,334
pull-ups-rings-wide-grip,335
pull-ups-rings-wide-grip,336
pull-ups-rings-wide-grip,339
pull-ups-rings-wide-grip,340
pull-ups-rings-wide-grip,341
pull-ups-rings-wide-grip,342
pull-ups-rings-wide-grip,343
pull-ups-rings-wide-grip,344
pull-ups-rings-wide-grip,122
pull-ups-rings-wide-grip,123
pull-ups-rings-wide-grip,124
pull-ups-rings-wide-grip,125
trx-row-standing,329
trx-row-standing,330
trx-row-standing,333
trx-row-standing,335
trx-row-standing,336
trx-row-standing,339
trx-row-standing,272
trx-row-standing,273
trx-row-standing,274
trx-row-standing,275
trx-row-standing,276
trx-row-standing,277
trx-row-standing,278
trx-row-standing,279
trx-row-standing,280
trx-row-standing,281
trx-row-standing,282
trx-pull-ups-assisted,329
trx-pull-ups-assisted,330
trx-pull-ups-assisted,331
trx-pull-ups-assisted,332
trx-pull-ups-assisted,333
trx-pull-ups-assisted,334
trx-pull-ups-assisted,335
trx-pull-ups-assisted,336
trx-pull-ups-assisted,339
trx-pull-ups-assisted,340
trx-pull-ups-assisted,272
trx-pull-ups-assisted,273
trx-pull-ups-assisted,274
trx-pull-ups-assisted,275
trx-pull-ups-assisted,276
trx-pull-ups-assisted,277
trx-pull-ups-assisted,278
trx-pull-ups-assisted,279
trx-pull-ups-assisted,280
trx-pull-ups-assisted,281
lat-pulldown-wide-grip,329
lat-pulldown-wide-grip,330
lat-pulldown-wide-grip,331
lat-pulldown-wide-grip,332
lat-pulldown-wide-grip,333
lat-pulldown-wide-grip,334
lat-pulldown-wide-grip,335
lat-pulldown-wide-grip,336
lat-pulldown-medium-grip,329
lat-pulldown-medium-grip,330
lat-pulldown-medium-grip,331
lat-pulldown-medium-grip,332
lat-pulldown-medium-grip,333
lat-pulldown-medium-grip,334
lat-pulldown-medium-grip,335
lat-pulldown-medium-grip,336
lat-pulldown-close-grip,329
lat-pulldown-close-grip,330
lat-pulldown-close-grip,331
lat-pulldown-close-grip,332
lat-pulldown-close-grip,333
lat-pulldown-close-grip,334
lat-pulldown-close-grip,335
lat-pulldown-close-grip,336
lat-pulldown-underhand-grip,329
lat-pulldown-underhand-grip,330
lat-pulldown-underhand-grip,331
lat-pulldown-underhand-grip,332
lat-pulldown-underhand-grip,333
lat-pulldown-underhand-grip,334
lat-pulldown-underhand-grip,335
lat-pulldown-underhand-grip,336
lat-pulldown-neutral-grip,329
lat-pulldown-neutral-grip,330
lat-pulldown-neutral-grip,331
lat-pulldown-neutral-grip,332
lat-pulldown-neutral-grip,333
lat-pulldown-neutral-grip,334
lat-pulldown-neutral-grip,335
lat-pulldown-neutral-grip,336
lat-pulldown-behind-neck,329
lat-pulldown-behind-neck,330
lat-pulldown-behind-neck,333
lat-pulldown-behind-neck,334
lat-pulldown-behind-neck,335
lat-pulldown-behind-neck,374
lat-pulldown-behind-neck,376
lat-pulldown-behind-neck,378
lat-pulldown-behind-neck,419
lat-pulldown-behind-neck,420
lat-pulldown-straight-arm,329
lat-pulldown-straight-arm,330
lat-pulldown-straight-arm,333
lat-pulldown-straight-arm,334
lat-pulldown-straight-arm,335
lat-pulldown-straight-arm,374
lat-pulldown-one-arm,329
lat-pulldown-one-arm,330
lat-pulldown-one-arm,333
lat-pulldown-one-arm,334
lat-pulldown-one-arm,335
lat-pulldown-one-arm,386
lat-pulldown-one-arm,392
lat-pulldown-one-arm,393
lat-pulldown-one-arm,399
lat-pulldown-wide-grip-chest,329
lat-pulldown-wide-grip-chest,330
lat-pulldown-wide-grip-chest,333
lat-pulldown-wide-grip-chest,334
lat-pulldown-wide-grip-chest,335
lat-pulldown-wide-grip-chest,343
lat-pulldown-wide-grip-chest,344
cable-pulldown-standing,329
cable-pulldown-standing,330
cable-pulldown-standing,333
cable-pulldown-standing,334
cable-pulldown-standing,335
cable-pulldown-standing,53
cable-pulldown-standing,54
cable-pulldown-standing,51
cable-pulldown-standing,429
cable-pulldown-standing,430
cable-pulldown-standing,431
cable-pulldown-standing,432
cable-pulldown-standing,433
cable-pulldown-standing,434
cable-pulldown-standing,435
cable-pulldown-standing,436
cable-pulldown-standing,437
cable-pulldown-seated,329
cable-pulldown-seated,330
cable-pulldown-seated,333
cable-pulldown-seated,334
cable-pulldown-seated,335
cable-pulldown-seated,53
cable-pulldown-seated,54
cable-pulldown-seated,51
cable-pulldown-seated,438
cable-pulldown-seated,439
cable-pulldown-seated,440
cable-pulldown-seated,441
cable-pulldown-seated,442
cable-pulldown-seated,443
cable-pulldown-seated,444
cable-pulldown-seated,445
australian-pull-ups,446
australian-pull-ups,447
australian-pull-ups,448
australian-pull-ups,449
australian-pull-ups,450
australian-pull-ups,451
australian-pull-ups,452
australian-pull-ups,453
australian-pull-ups,454
australian-pull-ups,329
australian-pull-ups,333
australian-pull-ups,335
australian-pull-ups,337
australian-pull-ups,339
australian-pull-ups,456
australian-pull-ups-feet-elevated,446
australian-pull-ups-feet-elevated,447
australian-pull-ups-feet-elevated,448
australian-pull-ups-feet-elevated,449
australian-pull-ups-feet-elevated,450
australian-pull-ups-feet-elevated,451
australian-pull-ups-feet-elevated,452
australian-pull-ups-feet-elevated,453
australian-pull-ups-feet-elevated,454
australian-pull-ups-feet-elevated,329
australian-pull-ups-feet-elevated,333
australian-pull-ups-feet-elevated,335
australian-pull-ups-feet-elevated,337
australian-pull-ups-feet-elevated,339
australian-pull-ups-feet-elevated,456
australian-pull-ups-feet-elevated,458
australian-pull-ups-feet-elevated,459
australian-pull-ups-underhand-grip,446
australian-pull-ups-underhand-grip,447
australian-pull-ups-underhand-grip,448
australian-pull-ups-underhand-grip,449
australian-pull-ups-underhand-grip,450
australian-pull-ups-underhand-grip,451
australian-pull-ups-underhand-grip,452
australian-pull-ups-underhand-grip,453
australian-pull-ups-underhand-grip,454
australian-pull-ups-underhand-grip,329
australian-pull-ups-underhand-grip,333
australian-pull-ups-underhand-grip,335
australian-pull-ups-underhand-grip,337
australian-pull-ups-underhand-grip,339
australian-pull-ups-underhand-grip,456
australian-pull-ups-underhand-grip,358
australian-pull-ups-underhand-grip,359
australian-pull-ups-underhand-grip,360
australian-pull-ups-underhand-grip,361
australian-pull-ups-underhand-grip,362
australian-pull-ups-underhand-grip,460
australian-pull-ups-underhand-grip,461
dumbbell-one-arm-row,12
dumbbell-one-arm-row,13
dumbbell-one-arm-row,335
dumbbell-one-arm-row,336
dumbbell-one-arm-row,333
dumbbell-one-arm-row,337
dumbbell-one-arm-row,374
dumbbell-one-arm-row,462
dumbbell-one-arm-row,463
dumbbell-one-arm-row,464
dumbbell-one-arm-row,465
dumbbell-one-arm-row,466
dumbbell-bent-over-row,12
dumbbell-bent-over-row,13
dumbbell-bent-over-row,335
dumbbell-bent-over-row,336
dumbbell-bent-over-row,333
dumbbell-bent-over-row,337
dumbbell-bent-over-row,374
dumbbell-bent-over-row,468
dumbbell-bent-over-row,469
dumbbell-bent-over-row,470
dumbbell-bent-over-row,471
dumbbell-bent-over-row,472
dumbbell-incline-bench-row,12
dumbbell-incline-bench-row,13
dumbbell-incline-bench-row,335
dumbbell-incline-bench-row,336
dumbbell-incline-bench-row,333
dumbbell-incline-bench-row,337
dumbbell-incline-bench-row,374
dumbbell-incline-bench-row,473
dumbbell-incline-bench-row,474
dumbbell-incline-bench-row,475
dumbbell-incline-bench-row,476
dumbbell-incline-bench-row,477
dumbbell-incline-bench-row,478
dumbbell-incline-bench-row,479
plank-row,12
plank-row,13
plank-row,5
plank-row,335
plank-row,336
plank-row,333
plank-row,337
plank-row,374
plank-row,480
plank-row,481
plank-row,482
plank-row,483
plank-row,484
plank-row,485
plank-row,486
plank-row,487
barbell-bent-over-row,76
barbell-bent-over-row,77
barbell-bent-over-row,335
barbell-bent-over-row,336
barbell-bent-over-row,333
barbell-bent-over-row,337
barbell-bent-over-row,374
barbell-bent-over-row,470
barbell-bent-over-row,471
barbell-bent-over-row,472
barbell-bent-over-row-underhand,76
barbell-bent-over-row-underhand,77
barbell-bent-over-row-underhand,335
barbell-bent-over-row-underhand,336
barbell-bent-over-row-underhand,333
barbell-bent-over-row-underhand,337
barbell-bent-over-row-underhand,374
barbell-bent-over-row-underhand,358
barbell-bent-over-row-underhand,360
barbell-bent-over-row-underhand,361
yates-row,76
yates-row,77
yates-row,335
yates-row,336
yates-row,333
yates-row,374
yates-row,426
yates-row,427
yates-row,470
yates-row,472
pendlay-row,76
pendlay-row,77
pendlay-row,335
pendlay-row,336
pendlay-row,333
pendlay-row,374
pendlay-row,470
pendlay-row,472
ez-bar-bent-over-row,76
ez-bar-bent-over-row,335
ez-bar-bent-over-row,336
ez-bar-bent-over-row,333
ez-bar-bent-over-row,337
ez-bar-bent-over-row,374
ez-bar-bent-over-row,470
ez-bar-bent-over-row,471
ez-bar-bent-over-row,472
swiss-bar-row,76
swiss-bar-row,335
swiss-bar-row,336
swiss-bar-row,333
swiss-bar-row,337
swiss-bar-row,374
swiss-bar-row,243
swiss-bar-row,244
swiss-bar-row,470
swiss-bar-row,472
cable-seated-row,488
cable-seated-row,489
cable-seated-row,490
cable-seated-row,495
cable-seated-row,500
cable-seated-row,501
cable-seated-row,506
cable-seated-row,507
cable-seated-row,508
cable-standing-row,488
cable-standing-row,489
cable-standing-row,491
cable-standing-row,496
cable-standing-row,500
cable-standing-row,502
cable-standing-row,506
cable-standing-row,507
cable-standing-row,508
cable-one-arm-row,488
cable-one-arm-row,489
cable-one-arm-row,492
cable-one-arm-row,497
cable-one-arm-row,500
cable-one-arm-row,503
cable-one-arm-row,506
cable-one-arm-row,507
cable-one-arm-row,508
cable-wide-grip-row,488
cable-wide-grip-row,489
cable-wide-grip-row,493
cable-wide-grip-row,498
cable-wide-grip-row,500
cable-wide-grip-row,504
cable-wide-grip-row,506
cable-wide-grip-row,507
cable-wide-grip-row,508
cable-close-grip-row,488
cable-close-grip-row,489
cable-close-grip-row,494
cable-close-grip-row,499
cable-close-grip-row,500
cable-close-grip-row,505
cable-close-grip-row,506
cable-close-grip-row,507
cable-close-grip-row,508
cable-horizontal-row-underhand-grip,488
cable-horizontal-row-underhand-grip,489
cable-horizontal-row-underhand-grip,500
cable-horizontal-row-underhand-grip,506
cable-horizontal-row-underhand-grip,507
cable-horizontal-row-underhand-grip,508
cable-horizontal-row-neutral-grip,488
cable-horizontal-row-neutral-grip,489
cable-horizontal-row-neutral-grip,500
cable-horizontal-row-neutral-grip,506
cable-horizontal-row-neutral-grip,507
cable-horizontal-row-neutral-grip,508
cable-crossover-row-high,488
cable-crossover-row-high,489
cable-crossover-row-high,500
cable-crossover-row-high,506
cable-crossover-row-high,507
cable-crossover-row-high,508
cable-crossover-row-low,488
cable-crossover-row-low,489
cable-crossover-row-low,500
cable-crossover-row-low,506
cable-crossover-row-low,507
cable-crossover-row-low,508
cable-horizontal-row-kneeling,488
cable-horizontal-row-kneeling,489
cable-horizontal-row-kneeling,500
cable-horizontal-row-kneeling,506
cable-horizontal-row-kneeling,507
cable-horizontal-row-kneeling,508
hammer-strength-row,333
hammer-strength-row,335
hammer-strength-row,336
hammer-strength-row,337
hammer-strength-row,509
hammer-strength-row,510
hammer-strength-row,511
hammer-strength-row,512
hammer-strength-row,513
hammer-strength-row,514
hammer-strength-row,515
t-bar-row-machine,333
t-bar-row-machine,335
t-bar-row-machine,336
t-bar-row-machine,337
t-bar-row-machine,472
t-bar-row-machine,516
t-bar-row-machine,517
t-bar-row-machine,518
t-bar-row-machine,519
t-bar-row-machine,520
t-bar-row-machine,521
t-bar-row-machine,522
trx-row,272
trx-row,273
trx-row,274
trx-row,275
trx-row,276
trx-row,277
trx-row,278
trx-row,279
trx-row,280
trx-row,281
trx-row,282
trx-row,329
trx-row,330
trx-row,333
trx-row,335
trx-row,336
trx-row,339
trx-row-wide-grip,272
trx-row-wide-grip,273
trx-row-wide-grip,274
trx-row-wide-grip,275
trx-row-wide-grip,276
trx-row-wide-grip,277
trx-row-wide-grip,278
trx-row-wide-grip,279
trx-row-wide-grip,280
trx-row-wide-grip,281
trx-row-wide-grip,282
trx-row-wide-grip,329
trx-row-wide-grip,330
trx-row-wide-grip,333
trx-row-wide-grip,335
trx-row-wide-grip,336
trx-row-wide-grip,339
trx-row-close-grip,272
trx-row-close-grip,273
trx-row-close-grip,274
trx-row-close-grip,275
trx-row-close-grip,276
trx-row-close-grip,277
trx-row-close-grip,278
trx-row-close-grip,279
trx-row-close-grip,280
trx-row-close-grip,281
trx-row-close-grip,282
trx-row-close-grip,329
trx-row-close-grip,330
trx-row-close-grip,333
trx-row-close-grip,335
trx-row-close-grip,336
trx-row-close-grip,339
trx-row-archer,272
trx-row-archer,273
trx-row-archer,274
trx-row-archer,275
trx-row-archer,276
trx-row-archer,277
trx-row-archer,278
trx-row-archer,279
trx-row-archer,280
trx-row-archer,281
trx-row-archer,282
trx-row-archer,329
trx-row-archer,330
trx-row-archer,333
trx-row-archer,335
trx-row-archer,336
trx-row-archer,339
