id,exercise_id,muscle_type,muscle_name,activation_level,created_at
1,dumbbell-bench-press-flat,primary,pectoralis-major,85,2024-01-15T10:00:00Z
2,dumbbell-bench-press-flat,primary,anterior-deltoid,70,2024-01-15T10:00:00Z
3,dumbbell-bench-press-flat,primary,triceps-brachii,65,2024-01-15T10:00:00Z
4,dumbbell-bench-press-flat,secondary,serratus-anterior,40,2024-01-15T10:00:00Z
5,dumbbell-bench-press-flat,secondary,core-muscles,30,2024-01-15T10:00:00Z
6,barbell-bench-press,primary,pectoralis-major,90,2024-01-15T10:00:00Z
7,barbell-bench-press,primary,anterior-deltoid,75,2024-01-15T10:00:00Z
8,barbell-bench-press,primary,triceps-brachii,70,2024-01-15T10:00:00Z
9,barbell-bench-press,secondary,serratus-anterior,45,2024-01-15T10:00:00Z
10,barbell-bench-press,secondary,core-muscles,35,2024-01-15T10:00:00Z
11,push-ups,primary,pectoralis-major,70,2024-01-15T10:00:00Z
12,push-ups,primary,anterior-deltoid,60,2024-01-15T10:00:00Z
13,push-ups,primary,triceps-brachii,60,2024-01-15T10:00:00Z
14,push-ups,secondary,serratus-anterior,45,2024-01-15T10:00:00Z
15,push-ups,secondary,core-muscles,50,2024-01-15T10:00:00Z
16,incline-dumbbell-press,primary,upper-pectoralis,80,2024-01-15T10:00:00Z
17,incline-dumbbell-press,primary,anterior-deltoid,70,2024-01-15T10:00:00Z
18,incline-dumbbell-press,primary,triceps-brachii,60,2024-01-15T10:00:00Z
19,incline-dumbbell-press,secondary,serratus-anterior,40,2024-01-15T10:00:00Z
20,incline-dumbbell-press,secondary,core-muscles,30,2024-01-15T10:00:00Z
21,dips-chest-focus,primary,pectoralis-major,75,2024-01-15T10:00:00Z
22,dips-chest-focus,primary,anterior-deltoid,65,2024-01-15T10:00:00Z
23,dips-chest-focus,primary,triceps-brachii,70,2024-01-15T10:00:00Z
24,dips-chest-focus,secondary,serratus-anterior,50,2024-01-15T10:00:00Z
25,dips-chest-focus,secondary,core-muscles,60,2024-01-15T10:00:00Z
26,machine-chest-press-plate-loaded,primary,pectoralis-major,80,2024-01-15T10:00:00Z
27,machine-chest-press-plate-loaded,primary,anterior-deltoid,65,2024-01-15T10:00:00Z
28,machine-chest-press-plate-loaded,primary,triceps-brachii,60,2024-01-15T10:00:00Z
29,machine-chest-press-plate-loaded,secondary,serratus-anterior,35,2024-01-15T10:00:00Z
30,machine-chest-press-plate-loaded,secondary,core-muscles,25,2024-01-15T10:00:00Z
31,smith-machine-bench-press,primary,pectoralis-major,85,2024-01-15T10:00:00Z
32,smith-machine-bench-press,primary,anterior-deltoid,70,2024-01-15T10:00:00Z
33,smith-machine-bench-press,primary,triceps-brachii,65,2024-01-15T10:00:00Z
34,smith-machine-bench-press,secondary,serratus-anterior,40,2024-01-15T10:00:00Z
35,smith-machine-bench-press,secondary,core-muscles,30,2024-01-15T10:00:00Z
36,decline-dumbbell-press,primary,lower-pectoralis,85,2024-01-15T10:00:00Z
37,decline-dumbbell-press,primary,anterior-deltoid,65,2024-01-15T10:00:00Z
38,decline-dumbbell-press,primary,triceps-brachii,60,2024-01-15T10:00:00Z
39,decline-dumbbell-press,secondary,serratus-anterior,40,2024-01-15T10:00:00Z
40,decline-dumbbell-press,secondary,core-muscles,35,2024-01-15T10:00:00Z
41,push-ups-on-handles,primary,pectoralis-major,75,2024-01-15T10:00:00Z
42,push-ups-on-handles,primary,anterior-deltoid,65,2024-01-15T10:00:00Z
43,push-ups-on-handles,primary,triceps-brachii,65,2024-01-15T10:00:00Z
44,push-ups-on-handles,secondary,serratus-anterior,50,2024-01-15T10:00:00Z
45,push-ups-on-handles,secondary,core-muscles,55,2024-01-15T10:00:00Z
46,dumbbell-fly-flat-bench,primary,pectoralis-major,90,2024-01-15T10:00:00Z
47,dumbbell-fly-flat-bench,secondary,anterior-deltoid,50,2024-01-15T10:00:00Z
48,dumbbell-fly-flat-bench,secondary,serratus-anterior,40,2024-01-15T10:00:00Z
49,dumbbell-fly-flat-bench,stabilizer,biceps-brachii,30,2024-01-15T10:00:00Z
50,dumbbell-fly-flat-bench,stabilizer,core-muscles,35,2024-01-15T10:00:00Z
51,dumbbell-fly-floor,primary,pectoralis-major,85,2024-01-15T10:00:00Z
52,dumbbell-fly-floor,secondary,anterior-deltoid,45,2024-01-15T10:00:00Z
53,dumbbell-fly-floor,secondary,serratus-anterior,35,2024-01-15T10:00:00Z
54,dumbbell-fly-floor,stabilizer,biceps-brachii,30,2024-01-15T10:00:00Z
55,dumbbell-fly-floor,stabilizer,core-muscles,30,2024-01-15T10:00:00Z
56,dumbbell-fly-incline-bench,primary,upper-pectoralis,95,2024-01-15T10:00:00Z
57,dumbbell-fly-incline-bench,secondary,anterior-deltoid,60,2024-01-15T10:00:00Z
58,dumbbell-fly-incline-bench,secondary,serratus-anterior,45,2024-01-15T10:00:00Z
59,dumbbell-fly-incline-bench,stabilizer,biceps-brachii,35,2024-01-15T10:00:00Z
60,dumbbell-fly-incline-bench,stabilizer,core-muscles,40,2024-01-15T10:00:00Z
61,cable-fly-flat,primary,pectoralis-major,95,2024-01-15T10:00:00Z
62,cable-fly-flat,secondary,anterior-deltoid,55,2024-01-15T10:00:00Z
63,cable-fly-flat,secondary,serratus-anterior,45,2024-01-15T10:00:00Z
64,cable-fly-flat,stabilizer,biceps-brachii,35,2024-01-15T10:00:00Z
65,cable-fly-flat,stabilizer,core-muscles,40,2024-01-15T10:00:00Z
66,cable-fly-standing,primary,pectoralis-major,90,2024-01-15T10:00:00Z
67,cable-fly-standing,secondary,anterior-deltoid,50,2024-01-15T10:00:00Z
68,cable-fly-standing,secondary,serratus-anterior,40,2024-01-15T10:00:00Z
69,cable-fly-standing,stabilizer,biceps-brachii,30,2024-01-15T10:00:00Z
70,cable-fly-standing,stabilizer,core-muscles,60,2024-01-15T10:00:00Z
71,cable-fly-standing,stabilizer,erector-spinae,45,2024-01-15T10:00:00Z
72,cable-fly-standing,stabilizer,glutes,35,2024-01-15T10:00:00Z
73,pec-deck-fly,primary,pectoralis-major,90,2024-01-15T10:00:00Z
74,pec-deck-fly,secondary,anterior-deltoid,45,2024-01-15T10:00:00Z
75,pec-deck-fly,secondary,serratus-anterior,35,2024-01-15T10:00:00Z
76,pec-deck-fly,stabilizer,biceps-brachii,30,2024-01-15T10:00:00Z
77,pec-deck-fly,stabilizer,core-muscles,25,2024-01-15T10:00:00Z
78,cable-crossover-low-to-high,primary,upper-pectoralis,95,2024-01-15T10:00:00Z
79,cable-crossover-low-to-high,secondary,anterior-deltoid,60,2024-01-15T10:00:00Z
80,cable-crossover-low-to-high,secondary,serratus-anterior,50,2024-01-15T10:00:00Z
81,cable-crossover-low-to-high,stabilizer,biceps-brachii,35,2024-01-15T10:00:00Z
82,cable-crossover-low-to-high,stabilizer,core-muscles,55,2024-01-15T10:00:00Z
83,cable-crossover-low-to-high,stabilizer,erector-spinae,40,2024-01-15T10:00:00Z
84,cable-crossover-low-to-high,stabilizer,glutes,30,2024-01-15T10:00:00Z
85,dumbbell-pullover,primary,pectoralis-major,85,2024-01-15T10:00:00Z
86,dumbbell-pullover,primary,latissimus-dorsi,80,2024-01-15T10:00:00Z
87,dumbbell-pullover,secondary,anterior-deltoid,50,2024-01-15T10:00:00Z
88,dumbbell-pullover,secondary,serratus-anterior,45,2024-01-15T10:00:00Z
89,dumbbell-pullover,stabilizer,triceps-brachii,35,2024-01-15T10:00:00Z
90,dumbbell-pullover,stabilizer,core-muscles,40,2024-01-15T10:00:00Z
91,resistance-band-fly,primary,pectoralis-major,80,2024-01-15T10:00:00Z
92,resistance-band-fly,secondary,anterior-deltoid,45,2024-01-15T10:00:00Z
93,resistance-band-fly,secondary,serratus-anterior,40,2024-01-15T10:00:00Z
94,resistance-band-fly,stabilizer,biceps-brachii,30,2024-01-15T10:00:00Z
95,resistance-band-fly,stabilizer,core-muscles,35,2024-01-15T10:00:00Z
96,incline-barbell-bench-press,primary,upper-pectoralis,88,2024-01-15T10:00:00Z
97,incline-barbell-bench-press,primary,anterior-deltoid,78,2024-01-15T10:00:00Z
98,incline-barbell-bench-press,primary,triceps-brachii,72,2024-01-15T10:00:00Z
99,incline-barbell-bench-press,secondary,serratus-anterior,48,2024-01-15T10:00:00Z
100,incline-barbell-bench-press,secondary,core-muscles,38,2024-01-15T10:00:00Z
101,decline-barbell-bench-press,primary,lower-pectoralis,90,2024-01-15T10:00:00Z
102,decline-barbell-bench-press,primary,anterior-deltoid,75,2024-01-15T10:00:00Z
103,decline-barbell-bench-press,primary,triceps-brachii,70,2024-01-15T10:00:00Z
104,decline-barbell-bench-press,secondary,serratus-anterior,50,2024-01-15T10:00:00Z
105,decline-barbell-bench-press,secondary,core-muscles,45,2024-01-15T10:00:00Z
106,close-grip-push-ups,primary,triceps-brachii,90,2024-01-15T10:00:00Z
107,close-grip-push-ups,primary,pectoralis-major,75,2024-01-15T10:00:00Z
108,close-grip-push-ups,primary,anterior-deltoid,65,2024-01-15T10:00:00Z
109,close-grip-push-ups,secondary,serratus-anterior,50,2024-01-15T10:00:00Z
110,close-grip-push-ups,secondary,core-muscles,55,2024-01-15T10:00:00Z
111,close-grip-push-ups,stabilizer,rhomboids,35,2024-01-15T10:00:00Z
112,close-grip-push-ups,stabilizer,erector-spinae,40,2024-01-15T10:00:00Z
113,wide-grip-push-ups,primary,pectoralis-major,90,2024-01-15T10:00:00Z
114,wide-grip-push-ups,primary,anterior-deltoid,70,2024-01-15T10:00:00Z
115,wide-grip-push-ups,primary,triceps-brachii,60,2024-01-15T10:00:00Z
116,wide-grip-push-ups,secondary,serratus-anterior,45,2024-01-15T10:00:00Z
117,wide-grip-push-ups,secondary,core-muscles,50,2024-01-15T10:00:00Z
118,wide-grip-push-ups,stabilizer,rhomboids,30,2024-01-15T10:00:00Z
119,wide-grip-push-ups,stabilizer,erector-spinae,35,2024-01-15T10:00:00Z
120,decline-push-ups,primary,pectoralis-major,85,2024-01-15T10:00:00Z
121,decline-push-ups,primary,anterior-deltoid,75,2024-01-15T10:00:00Z
122,decline-push-ups,primary,triceps-brachii,70,2024-01-15T10:00:00Z
123,decline-push-ups,secondary,serratus-anterior,50,2024-01-15T10:00:00Z
124,decline-push-ups,secondary,core-muscles,55,2024-01-15T10:00:00Z
125,decline-push-ups,secondary,upper-pectorals,60,2024-01-15T10:00:00Z
126,incline-push-ups,primary,pectoralis-major,65,2024-01-15T10:00:00Z
127,incline-push-ups,primary,anterior-deltoid,55,2024-01-15T10:00:00Z
128,incline-push-ups,primary,triceps-brachii,55,2024-01-15T10:00:00Z
129,incline-push-ups,secondary,serratus-anterior,40,2024-01-15T10:00:00Z
130,incline-push-ups,secondary,core-muscles,45,2024-01-15T10:00:00Z
131,plyometric-push-ups,primary,pectoralis-major,90,2024-01-15T10:00:00Z
132,plyometric-push-ups,primary,anterior-deltoid,80,2024-01-15T10:00:00Z
133,plyometric-push-ups,primary,triceps-brachii,85,2024-01-15T10:00:00Z
134,plyometric-push-ups,secondary,serratus-anterior,70,2024-01-15T10:00:00Z
135,plyometric-push-ups,secondary,core-muscles,75,2024-01-15T10:00:00Z
136,plyometric-push-ups,secondary,trapezius,60,2024-01-15T10:00:00Z
137,plyometric-push-ups,secondary,erector-spinae,65,2024-01-15T10:00:00Z
138,ring-push-ups,primary,pectoralis-major,90,2024-01-15T10:00:00Z
139,ring-push-ups,primary,anterior-deltoid,85,2024-01-15T10:00:00Z
140,ring-push-ups,primary,triceps-brachii,80,2024-01-15T10:00:00Z
141,ring-push-ups,secondary,serratus-anterior,75,2024-01-15T10:00:00Z
142,ring-push-ups,secondary,core-muscles,85,2024-01-15T10:00:00Z
143,ring-push-ups,secondary,rhomboids,70,2024-01-15T10:00:00Z
144,ring-push-ups,secondary,erector-spinae,65,2024-01-15T10:00:00Z
145,dumbbell-press-neutral-grip,primary,triceps-brachii,85,2024-01-15T10:00:00Z
146,dumbbell-press-neutral-grip,primary,pectoralis-major,75,2024-01-15T10:00:00Z
147,dumbbell-press-neutral-grip,primary,anterior-deltoid,65,2024-01-15T10:00:00Z
148,dumbbell-press-neutral-grip,secondary,serratus-anterior,40,2024-01-15T10:00:00Z
149,dumbbell-press-neutral-grip,secondary,core-muscles,30,2024-01-15T10:00:00Z
150,dumbbell-press-neutral-grip,secondary,brachialis,25,2024-01-15T10:00:00Z
151,smith-machine-incline-bench-press,primary,upper-pectorals,85,2024-01-15T10:00:00Z
152,smith-machine-incline-bench-press,primary,anterior-deltoid,70,2024-01-15T10:00:00Z
153,smith-machine-incline-bench-press,primary,triceps-brachii,65,2024-01-15T10:00:00Z
154,smith-machine-incline-bench-press,secondary,serratus-anterior,40,2024-01-15T10:00:00Z
155,smith-machine-incline-bench-press,secondary,core-muscles,30,2024-01-15T10:00:00Z
156,smith-machine-incline-bench-press,secondary,rhomboids,25,2024-01-15T10:00:00Z
157,smith-machine-incline-bench-press,secondary,trapezius,20,2024-01-15T10:00:00Z
158,smith-machine-decline-bench-press,primary,lower-pectorals,90,2024-01-15T10:00:00Z
159,smith-machine-decline-bench-press,primary,anterior-deltoid,75,2024-01-15T10:00:00Z
160,smith-machine-decline-bench-press,primary,triceps-brachii,70,2024-01-15T10:00:00Z
161,smith-machine-decline-bench-press,secondary,serratus-anterior,45,2024-01-15T10:00:00Z
162,smith-machine-decline-bench-press,secondary,core-muscles,40,2024-01-15T10:00:00Z
163,smith-machine-decline-bench-press,secondary,rhomboids,30,2024-01-15T10:00:00Z
164,smith-machine-decline-bench-press,secondary,trapezius,25,2024-01-15T10:00:00Z
165,cable-crossover-high-to-low,primary,lower-pectorals,95,2024-01-15T10:00:00Z
166,cable-crossover-high-to-low,primary,anterior-deltoid,65,2024-01-15T10:00:00Z
167,cable-crossover-high-to-low,secondary,triceps-brachii,55,2024-01-15T10:00:00Z
168,cable-crossover-high-to-low,secondary,serratus-anterior,50,2024-01-15T10:00:00Z
169,cable-crossover-high-to-low,stabilizer,biceps-brachii,35,2024-01-15T10:00:00Z
170,cable-crossover-high-to-low,stabilizer,core-muscles,55,2024-01-15T10:00:00Z
171,cable-crossover-high-to-low,stabilizer,erector-spinae,40,2024-01-15T10:00:00Z
172,cable-crossover-high-to-low,stabilizer,glutes,30,2024-01-15T10:00:00Z
173,one-arm-push-up,primary,pectoralis-major,90,2024-01-15T10:00:00Z
174,one-arm-push-up,primary,anterior-deltoid,85,2024-01-15T10:00:00Z
175,one-arm-push-up,primary,triceps-brachii,85,2024-01-15T10:00:00Z
176,one-arm-push-up,secondary,serratus-anterior,75,2024-01-15T10:00:00Z
177,one-arm-push-up,secondary,obliques,80,2024-01-15T10:00:00Z
178,one-arm-push-up,secondary,core-muscles,80,2024-01-15T10:00:00Z
179,one-arm-push-up,stabilizer,erector-spinae,60,2024-01-15T10:00:00Z
180,one-arm-push-up,stabilizer,gluteus-maximus,65,2024-01-15T10:00:00Z
181,one-arm-push-up,stabilizer,transverse-abdominis,70,2024-01-15T10:00:00Z
182,one-arm-push-up,stabilizer,obliques,75,2024-01-15T10:00:00Z
183,hammer-chest-press-one-arm,primary,pectoralis-major,85,2024-01-15T10:00:00Z
184,hammer-chest-press-one-arm,primary,anterior-deltoid,75,2024-01-15T10:00:00Z
185,hammer-chest-press-one-arm,primary,triceps-brachii,70,2024-01-15T10:00:00Z
186,hammer-chest-press-one-arm,secondary,serratus-anterior,50,2024-01-15T10:00:00Z
187,hammer-chest-press-one-arm,secondary,core-muscles,60,2024-01-15T10:00:00Z
188,hammer-chest-press-one-arm,secondary,obliques,55,2024-01-15T10:00:00Z
189,hammer-chest-press-one-arm,stabilizer,rhomboids,40,2024-01-15T10:00:00Z
190,cable-pullover,primary,latissimus-dorsi,85,2024-01-15T10:00:00Z
191,cable-pullover,primary,pectoralis-major,75,2024-01-15T10:00:00Z
192,cable-pullover,secondary,serratus-anterior,60,2024-01-15T10:00:00Z
193,cable-pullover,secondary,triceps-brachii,40,2024-01-15T10:00:00Z
194,cable-pullover,secondary,core-muscles,50,2024-01-15T10:00:00Z
195,cable-pullover,stabilizer,anterior-deltoid,30,2024-01-15T10:00:00Z
198,dumbbell-fly-decline-bench,primary,lower-pectorals,95,2024-01-15T10:00:00Z
199,dumbbell-fly-decline-bench,secondary,anterior-deltoid,55,2024-01-15T10:00:00Z
200,dumbbell-fly-decline-bench,secondary,serratus-anterior,50,2024-01-15T10:00:00Z
201,dumbbell-fly-decline-bench,stabilizer,biceps-brachii,35,2024-01-15T10:00:00Z
202,dumbbell-fly-decline-bench,stabilizer,core-muscles,45,2024-01-15T10:00:00Z
203,weighted-push-ups,primary,pectoralis-major,92,2024-01-15T10:00:00Z
204,weighted-push-ups,primary,anterior-deltoid,78,2024-01-15T10:00:00Z
205,weighted-push-ups,primary,triceps-brachii,85,2024-01-15T10:00:00Z
206,weighted-push-ups,secondary,serratus-anterior,65,2024-01-15T10:00:00Z
207,weighted-push-ups,secondary,core-muscles,70,2024-01-15T10:00:00Z
208,weighted-push-ups,stabilizer,rhomboids,45,2024-01-15T10:00:00Z
209,weighted-push-ups,stabilizer,trapezius,40,2024-01-15T10:00:00Z
210,weighted-push-ups,stabilizer,erector-spinae,50,2024-01-15T10:00:00Z
211,dumbbell-bench-press-alternating-floor,primary,pectoralis-major,80,2024-01-15T10:00:00Z
212,dumbbell-bench-press-alternating-floor,primary,triceps-brachii,70,2024-01-15T10:00:00Z
213,dumbbell-bench-press-alternating-floor,primary,anterior-deltoid,65,2024-01-15T10:00:00Z
214,dumbbell-bench-press-alternating-floor,secondary,core-muscles,55,2024-01-15T10:00:00Z
215,dumbbell-bench-press-alternating-floor,secondary,obliques,50,2024-01-15T10:00:00Z
216,dumbbell-bench-press-alternating-floor,secondary,serratus-anterior,40,2024-01-15T10:00:00Z
217,alternating-dumbbell-bench-press,primary,pectoralis-major,82,2024-01-15T10:00:00Z
218,alternating-dumbbell-bench-press,primary,triceps-brachii,72,2024-01-15T10:00:00Z
219,alternating-dumbbell-bench-press,primary,anterior-deltoid,68,2024-01-15T10:00:00Z
220,alternating-dumbbell-bench-press,secondary,core-muscles,60,2024-01-15T10:00:00Z
221,alternating-dumbbell-bench-press,secondary,obliques,55,2024-01-15T10:00:00Z
222,alternating-dumbbell-bench-press,secondary,serratus-anterior,45,2024-01-15T10:00:00Z
223,alternating-dumbbell-bench-press,secondary,transverse-abdominis,50,2024-01-15T10:00:00Z
224,incline-alternating-dumbbell-press,primary,upper-pectorals,80,2024-01-15T10:00:00Z
225,incline-alternating-dumbbell-press,primary,anterior-deltoid,70,2024-01-15T10:00:00Z
226,incline-alternating-dumbbell-press,primary,triceps-brachii,65,2024-01-15T10:00:00Z
227,incline-alternating-dumbbell-press,secondary,serratus-anterior,45,2024-01-15T10:00:00Z
228,incline-alternating-dumbbell-press,secondary,core-muscles,50,2024-01-15T10:00:00Z
229,incline-alternating-dumbbell-press,secondary,obliques,40,2024-01-15T10:00:00Z
230,svend-press,primary,pectoralis-major,88,2024-01-15T10:00:00Z
231,svend-press,primary,anterior-deltoid,45,2024-01-15T10:00:00Z
232,svend-press,primary,serratus-anterior,40,2024-01-15T10:00:00Z
233,svend-press,secondary,triceps-brachii,25,2024-01-15T10:00:00Z
234,svend-press,secondary,core-muscles,30,2024-01-15T10:00:00Z
235,svend-press,secondary,rhomboids,20,2024-01-15T10:00:00Z
236,svend-press,secondary,trapezius,15,2024-01-15T10:00:00Z
237,neutral-grip-barbell-bench-press,primary,triceps-brachii,85,2024-01-15T10:00:00Z
238,neutral-grip-barbell-bench-press,primary,pectoralis-major,80,2024-01-15T10:00:00Z
239,neutral-grip-barbell-bench-press,primary,anterior-deltoid,70,2024-01-15T10:00:00Z
240,neutral-grip-barbell-bench-press,secondary,serratus-anterior,55,2024-01-15T10:00:00Z
241,neutral-grip-barbell-bench-press,secondary,core-muscles,50,2024-01-15T10:00:00Z
242,neutral-grip-barbell-bench-press,secondary,rhomboids,35,2024-01-15T10:00:00Z
243,neutral-grip-barbell-bench-press,secondary,trapezius,30,2024-01-15T10:00:00Z
244,kettlebell-floor-press,primary,pectoralis-major,85,2024-01-15T10:00:00Z
245,kettlebell-floor-press,primary,anterior-deltoid,70,2024-01-15T10:00:00Z
246,kettlebell-floor-press,primary,triceps-brachii,75,2024-01-15T10:00:00Z
247,kettlebell-floor-press,secondary,serratus-anterior,40,2024-01-15T10:00:00Z
248,kettlebell-floor-press,secondary,core-muscles,35,2024-01-15T10:00:00Z
249,kettlebell-floor-press,secondary,rhomboids,30,2024-01-15T10:00:00Z
250,kettlebell-floor-press,secondary,trapezius,25,2024-01-15T10:00:00Z
251,kettlebell-floor-press,secondary,forearms,45,2024-01-15T10:00:00Z
252,landmine-press,primary,pectoralis-major,80,2024-01-15T10:00:00Z
253,landmine-press,primary,anterior-deltoid,75,2024-01-15T10:00:00Z
254,landmine-press,primary,triceps-brachii,70,2024-01-15T10:00:00Z
255,landmine-press,secondary,serratus-anterior,50,2024-01-15T10:00:00Z
256,landmine-press,secondary,core-muscles,60,2024-01-15T10:00:00Z
257,landmine-press,secondary,obliques,45,2024-01-15T10:00:00Z
258,landmine-press,stabilizer,erector-spinae,40,2024-01-15T10:00:00Z
259,landmine-press,stabilizer,transverse-abdominis,55,2024-01-15T10:00:00Z
260,landmine-press,stabilizer,gluteus-maximus,50,2024-01-15T10:00:00Z
261,landmine-press,stabilizer,quadriceps,45,2024-01-15T10:00:00Z
262,trx-push-ups,primary,pectoralis-major,85,2024-01-15T10:00:00Z
263,trx-push-ups,primary,anterior-deltoid,80,2024-01-15T10:00:00Z
264,trx-push-ups,primary,triceps-brachii,75,2024-01-15T10:00:00Z
265,trx-push-ups,secondary,serratus-anterior,70,2024-01-15T10:00:00Z
266,trx-push-ups,secondary,core-muscles,80,2024-01-15T10:00:00Z
267,trx-push-ups,secondary,rhomboids,65,2024-01-15T10:00:00Z
268,trx-push-ups,secondary,erector-spinae,60,2024-01-15T10:00:00Z
269,diamond-push-ups,primary,triceps-brachii,95,2024-01-15T10:00:00Z
270,diamond-push-ups,primary,pectoralis-major,75,2024-01-15T10:00:00Z
271,diamond-push-ups,primary,anterior-deltoid,65,2024-01-15T10:00:00Z
272,diamond-push-ups,secondary,serratus-anterior,50,2024-01-15T10:00:00Z
273,diamond-push-ups,secondary,core-muscles,55,2024-01-15T10:00:00Z
274,diamond-push-ups,stabilizer,rhomboids,35,2024-01-15T10:00:00Z
275,diamond-push-ups,stabilizer,trapezius,30,2024-01-15T10:00:00Z
276,diamond-push-ups,stabilizer,erector-spinae,40,2024-01-15T10:00:00Z
277,diamond-push-ups,stabilizer,forearms,45,2024-01-15T10:00:00Z
278,push-ups-with-pause,primary,pectoralis-major,80,2024-01-15T10:00:00Z
279,push-ups-with-pause,primary,anterior-deltoid,70,2024-01-15T10:00:00Z
280,push-ups-with-pause,primary,triceps-brachii,75,2024-01-15T10:00:00Z
281,push-ups-with-pause,secondary,serratus-anterior,50,2024-01-15T10:00:00Z
282,push-ups-with-pause,secondary,core-muscles,60,2024-01-15T10:00:00Z
283,push-ups-with-pause,secondary,back-extensors,45,2024-01-15T10:00:00Z
284,archer-push-ups,primary,pectoralis-major,90,2024-01-15T10:00:00Z
285,archer-push-ups,primary,anterior-deltoid,85,2024-01-15T10:00:00Z
286,archer-push-ups,primary,triceps-brachii,85,2024-01-15T10:00:00Z
287,archer-push-ups,secondary,serratus-anterior,60,2024-01-15T10:00:00Z
288,archer-push-ups,secondary,core-muscles,75,2024-01-15T10:00:00Z
289,archer-push-ups,secondary,obliques,70,2024-01-15T10:00:00Z
290,archer-push-ups,secondary,erector-spinae,55,2024-01-15T10:00:00Z
291,barbell-floor-press,primary,pectoralis-major,88,2025-11-08T10:00:00Z
292,barbell-floor-press,primary,triceps-brachii,85,2025-11-08T10:00:00Z
293,barbell-floor-press,primary,anterior-deltoid,70,2025-11-08T10:00:00Z
294,barbell-floor-press,secondary,serratus-anterior,55,2025-11-08T10:00:00Z
295,barbell-floor-press,secondary,core-muscles,48,2025-11-08T10:00:00Z
296,barbell-floor-press,secondary,rhomboids,40,2025-11-08T10:00:00Z
297,barbell-floor-press,stabilizer,latissimus-dorsi,38,2025-11-08T10:00:00Z
298,barbell-floor-press,stabilizer,posterior-deltoid,34,2025-11-08T10:00:00Z
299,barbell-floor-press,stabilizer,trapezius,35,2025-11-08T10:00:00Z
300,hammer-strength-chest-press,primary,pectoralis-major,88,2025-11-08T10:15:00Z
301,hammer-strength-chest-press,primary,anterior-deltoid,72,2025-11-08T10:15:00Z
302,hammer-strength-chest-press,primary,triceps-brachii,68,2025-11-08T10:15:00Z
303,hammer-strength-chest-press,secondary,serratus-anterior,45,2025-11-08T10:15:00Z
304,hammer-strength-chest-press,secondary,core-muscles,35,2025-11-08T10:15:00Z
305,hammer-strength-chest-press,stabilizer,rhomboids,32,2025-11-08T10:15:00Z
306,standing-cable-crossover-press,primary,pectoralis-major,88,2025-11-08T11:00:00Z
307,standing-cable-crossover-press,primary,anterior-deltoid,72,2025-11-08T11:00:00Z
308,standing-cable-crossover-press,primary,triceps-brachii,65,2025-11-08T11:00:00Z
309,standing-cable-crossover-press,secondary,serratus-anterior,50,2025-11-08T11:00:00Z
310,standing-cable-crossover-press,secondary,core-muscles,60,2025-11-08T11:00:00Z
311,standing-cable-crossover-press,stabilizer,erector-spinae,45,2025-11-08T11:00:00Z
312,standing-cable-crossover-press,stabilizer,gluteus-maximus,35,2025-11-08T11:00:00Z
313,standing-cable-crossover-press,stabilizer,obliques,42,2025-11-08T11:00:00Z
314,incline-hammer-strength-press,primary,upper-pectorals,90,2025-11-08T12:00:00Z
315,incline-hammer-strength-press,primary,anterior-deltoid,75,2025-11-08T12:00:00Z
316,incline-hammer-strength-press,primary,triceps-brachii,70,2025-11-08T12:00:00Z
317,incline-hammer-strength-press,secondary,serratus-anterior,55,2025-11-08T12:00:00Z
318,incline-hammer-strength-press,secondary,core-muscles,45,2025-11-08T12:00:00Z
319,incline-hammer-strength-press,secondary,rhomboids,40,2025-11-08T12:00:00Z
320,incline-hammer-strength-press,stabilizer,trapezius,35,2025-11-08T12:00:00Z
321,explosive-medicine-ball-press,primary,pectoralis-major,82,2025-11-08T13:00:00Z
322,explosive-medicine-ball-press,primary,anterior-deltoid,66,2025-11-08T13:00:00Z
323,explosive-medicine-ball-press,primary,triceps-brachii,64,2025-11-08T13:00:00Z
324,explosive-medicine-ball-press,secondary,serratus-anterior,50,2025-11-08T13:00:00Z
325,explosive-medicine-ball-press,secondary,core-muscles,58,2025-11-08T13:00:00Z
326,explosive-medicine-ball-press,secondary,obliques,45,2025-11-08T13:00:00Z
327,explosive-medicine-ball-press,stabilizer,gluteus-maximus,38,2025-11-08T13:00:00Z
328,explosive-medicine-ball-press,stabilizer,transverse-abdominis,42,2025-11-08T13:00:00Z
329,pull-ups-wide-grip,primary,latissimus-dorsi,90,2025-11-08T14:00:00Z
330,pull-ups-wide-grip,primary,rhomboids,75,2025-11-08T14:00:00Z
331,pull-ups-wide-grip,primary,middle-deltoid,65,2025-11-08T14:00:00Z
332,pull-ups-wide-grip,secondary,biceps-brachii,50,2025-11-08T14:00:00Z
333,pull-ups-wide-grip,secondary,trapezius,60,2025-11-08T14:00:00Z
334,pull-ups-wide-grip,secondary,core-muscles,40,2025-11-08T14:00:00Z
335,pull-ups-wide-grip,secondary,forearms,55,2025-11-08T14:00:00Z
336,pull-ups-medium-grip,primary,latissimus-dorsi,85,2025-11-08T14:05:00Z
337,pull-ups-medium-grip,primary,rhomboids,70,2025-11-08T14:05:00Z
338,pull-ups-medium-grip,primary,biceps-brachii,75,2025-11-08T14:05:00Z
339,pull-ups-medium-grip,primary,middle-deltoid,60,2025-11-08T14:05:00Z
340,pull-ups-medium-grip,secondary,trapezius,55,2025-11-08T14:05:00Z
341,pull-ups-medium-grip,secondary,core-muscles,45,2025-11-08T14:05:00Z
342,pull-ups-medium-grip,secondary,forearms,60,2025-11-08T14:05:00Z
343,pull-ups-close-grip,primary,latissimus-dorsi,80,2025-11-08T14:10:00Z
344,pull-ups-close-grip,primary,rhomboids,65,2025-11-08T14:10:00Z
345,pull-ups-close-grip,primary,biceps-brachii,85,2025-11-08T14:10:00Z
346,pull-ups-close-grip,primary,brachialis,70,2025-11-08T14:10:00Z
347,pull-ups-close-grip,secondary,trapezius,50,2025-11-08T14:10:00Z
348,pull-ups-close-grip,secondary,core-muscles,40,2025-11-08T14:10:00Z
349,pull-ups-close-grip,secondary,forearms,65,2025-11-08T14:10:00Z
350,pull-ups-close-grip,secondary,middle-deltoid,45,2025-11-08T14:10:00Z
351,pull-ups-underhand-grip,primary,biceps-brachii,90,2025-11-08T14:15:00Z
352,pull-ups-underhand-grip,primary,latissimus-dorsi,75,2025-11-08T14:15:00Z
353,pull-ups-underhand-grip,primary,rhomboids,65,2025-11-08T14:15:00Z
354,pull-ups-underhand-grip,primary,brachialis,80,2025-11-08T14:15:00Z
355,pull-ups-underhand-grip,secondary,trapezius,55,2025-11-08T14:15:00Z
356,pull-ups-underhand-grip,secondary,core-muscles,40,2025-11-08T14:15:00Z
357,pull-ups-underhand-grip,secondary,forearms,70,2025-11-08T14:15:00Z
358,pull-ups-underhand-grip,secondary,lower-latissimus-dorsi,65,2025-11-08T14:15:00Z
359,pull-ups-neutral-grip,primary,latissimus-dorsi,85,2025-11-08T14:20:00Z
360,pull-ups-neutral-grip,primary,rhomboids,70,2025-11-08T14:20:00Z
361,pull-ups-neutral-grip,primary,biceps-brachii,75,2025-11-08T14:20:00Z
362,pull-ups-neutral-grip,primary,middle-deltoid,60,2025-11-08T14:20:00Z
363,pull-ups-neutral-grip,secondary,trapezius,55,2025-11-08T14:20:00Z
364,pull-ups-neutral-grip,secondary,core-muscles,45,2025-11-08T14:20:00Z
365,pull-ups-neutral-grip,secondary,forearms,60,2025-11-08T14:20:00Z
366,pull-ups-neutral-grip,secondary,brachialis,50,2025-11-08T14:20:00Z
367,pull-ups-archer,primary,latissimus-dorsi,90,2025-11-08T15:00:00Z
368,pull-ups-archer,primary,rhomboids,75,2025-11-08T15:00:00Z
369,pull-ups-archer,primary,biceps-brachii,80,2025-11-08T15:00:00Z
370,pull-ups-archer,primary,middle-deltoid,65,2025-11-08T15:00:00Z
371,pull-ups-archer,secondary,trapezius,60,2025-11-08T15:00:00Z
372,pull-ups-archer,secondary,core-muscles,70,2025-11-08T15:00:00Z
373,pull-ups-archer,secondary,obliques,65,2025-11-08T15:00:00Z
374,pull-ups-archer,secondary,forearms,65,2025-11-08T15:00:00Z
375,pull-ups-archer,stabilizer,erector-spinae,50,2025-11-08T15:00:00Z
376,pull-ups-archer,stabilizer,posterior-deltoid,45,2025-11-08T15:00:00Z
377,pull-ups-archer,stabilizer,transverse-abdominis,60,2025-11-08T15:00:00Z
378,pull-ups-one-arm,primary,latissimus-dorsi,95,2025-11-08T15:05:00Z
379,pull-ups-one-arm,primary,rhomboids,80,2025-11-08T15:05:00Z
380,pull-ups-one-arm,primary,biceps-brachii,85,2025-11-08T15:05:00Z
381,pull-ups-one-arm,primary,middle-deltoid,70,2025-11-08T15:05:00Z
382,pull-ups-one-arm,secondary,trapezius,65,2025-11-08T15:05:00Z
383,pull-ups-one-arm,secondary,core-muscles,75,2025-11-08T15:05:00Z
384,pull-ups-one-arm,secondary,obliques,70,2025-11-08T15:05:00Z
385,pull-ups-one-arm,secondary,forearms,70,2025-11-08T15:05:00Z
386,pull-ups-one-arm,secondary,brachialis,60,2025-11-08T15:05:00Z
387,pull-ups-one-arm,stabilizer,erector-spinae,55,2025-11-08T15:05:00Z
388,pull-ups-one-arm,stabilizer,posterior-deltoid,50,2025-11-08T15:05:00Z
389,pull-ups-one-arm,stabilizer,transverse-abdominis,65,2025-11-08T15:05:00Z
390,pull-ups-one-arm,stabilizer,gluteus-maximus,50,2025-11-08T15:05:00Z
391,pull-ups-weighted,primary,latissimus-dorsi,90,2025-11-08T15:10:00Z
392,pull-ups-weighted,primary,rhomboids,75,2025-11-08T15:10:00Z
393,pull-ups-weighted,primary,biceps-brachii,80,2025-11-08T15:10:00Z
394,pull-ups-weighted,primary,middle-deltoid,65,2025-11-08T15:10:00Z
395,pull-ups-weighted,secondary,trapezius,60,2025-11-08T15:10:00Z
396,pull-ups-weighted,secondary,core-muscles,55,2025-11-08T15:10:00Z
397,pull-ups-weighted,secondary,forearms,65,2025-11-08T15:10:00Z
398,pull-ups-weighted,secondary,brachialis,55,2025-11-08T15:10:00Z
399,pull-ups-weighted,stabilizer,erector-spinae,50,2025-11-08T15:10:00Z
400,pull-ups-weighted,stabilizer,posterior-deltoid,45,2025-11-08T15:10:00Z
401,pull-ups-weighted,stabilizer,rear-deltoid,40,2025-11-08T15:10:00Z
402,pull-ups-l-sit,primary,latissimus-dorsi,85,2025-11-08T15:15:00Z
403,pull-ups-l-sit,primary,rhomboids,70,2025-11-08T15:15:00Z
404,pull-ups-l-sit,primary,biceps-brachii,75,2025-11-08T15:15:00Z
405,pull-ups-l-sit,primary,middle-deltoid,60,2025-11-08T15:15:00Z
406,pull-ups-l-sit,primary,rectus-abdominis,70,2025-11-08T15:15:00Z
407,pull-ups-l-sit,primary,transverse-abdominis,75,2025-11-08T15:15:00Z
408,pull-ups-l-sit,primary,iliopsoas,65,2025-11-08T15:15:00Z
409,pull-ups-l-sit,secondary,trapezius,55,2025-11-08T15:15:00Z
410,pull-ups-l-sit,secondary,core-muscles,70,2025-11-08T15:15:00Z
411,pull-ups-l-sit,secondary,forearms,60,2025-11-08T15:15:00Z
412,pull-ups-l-sit,secondary,quadriceps,50,2025-11-08T15:15:00Z
413,pull-ups-l-sit,secondary,hamstrings,50,2025-11-08T15:15:00Z
414,pull-ups-l-sit,stabilizer,erector-spinae,55,2025-11-08T15:15:00Z
415,pull-ups-l-sit,stabilizer,posterior-deltoid,45,2025-11-08T15:15:00Z
416,pull-ups-l-sit,stabilizer,obliques,60,2025-11-08T15:15:00Z
417,pull-ups-l-sit,stabilizer,gluteus-maximus,50,2025-11-08T15:15:00Z
418,pull-ups-behind-neck,primary,latissimus-dorsi,80,2025-11-08T15:20:00Z
419,pull-ups-behind-neck,primary,rhomboids,75,2025-11-08T15:20:00Z
420,pull-ups-behind-neck,primary,middle-deltoid,70,2025-11-08T15:20:00Z
421,pull-ups-behind-neck,primary,posterior-deltoid,65,2025-11-08T15:20:00Z
422,pull-ups-behind-neck,secondary,trapezius,60,2025-11-08T15:20:00Z
423,pull-ups-behind-neck,secondary,biceps-brachii,60,2025-11-08T15:20:00Z
424,pull-ups-behind-neck,secondary,core-muscles,45,2025-11-08T15:20:00Z
425,pull-ups-behind-neck,secondary,forearms,55,2025-11-08T15:20:00Z
426,pull-ups-behind-neck,stabilizer,erector-spinae,50,2025-11-08T15:20:00Z
427,pull-ups-behind-neck,stabilizer,rear-deltoid,55,2025-11-08T15:20:00Z
428,pull-ups-behind-neck,stabilizer,infraspinatus,45,2025-11-08T15:20:00Z
429,pull-ups-behind-neck,stabilizer,teres-minor,45,2025-11-08T15:20:00Z
430,explosive-pull-ups,primary,latissimus-dorsi,90,2025-11-08T16:00:00Z
431,explosive-pull-ups,primary,rhomboids,85,2025-11-08T16:00:00Z
432,explosive-pull-ups,primary,biceps-brachii,85,2025-11-08T16:00:00Z
433,explosive-pull-ups,primary,middle-deltoid,80,2025-11-08T16:00:00Z
434,explosive-pull-ups,secondary,trapezius,70,2025-11-08T16:00:00Z
435,explosive-pull-ups,secondary,core-muscles,75,2025-11-08T16:00:00Z
436,explosive-pull-ups,secondary,forearms,80,2025-11-08T16:00:00Z
437,explosive-pull-ups,stabilizer,erector-spinae,65,2025-11-08T16:00:00Z
438,scapular-retraction-hang,primary,rhomboids,75,2025-11-08T16:05:00Z
439,scapular-retraction-hang,primary,middle-trapezius,70,2025-11-08T16:05:00Z
440,scapular-retraction-hang,primary,posterior-deltoid,65,2025-11-08T16:05:00Z
441,scapular-retraction-hang,secondary,lower-trapezius,60,2025-11-08T16:05:00Z
442,scapular-retraction-hang,secondary,latissimus-dorsi,40,2025-11-08T16:05:00Z
443,scapular-retraction-hang,secondary,core-muscles,35,2025-11-08T16:05:00Z
444,scapular-retraction-hang,stabilizer,erector-spinae,30,2025-11-08T16:05:00Z
445,dead-hang,primary,latissimus-dorsi,50,2025-11-08T16:10:00Z
446,dead-hang,primary,forearms,70,2025-11-08T16:10:00Z
447,dead-hang,primary,grip-muscles,80,2025-11-08T16:10:00Z
448,dead-hang,secondary,rhomboids,35,2025-11-08T16:10:00Z
449,dead-hang,secondary,core-muscles,30,2025-11-08T16:10:00Z
450,dead-hang,secondary,biceps-brachii,25,2025-11-08T16:10:00Z
451,dead-hang,stabilizer,erector-spinae,30,2025-11-08T16:10:00Z
452,chest-to-bar-pull-ups,primary,latissimus-dorsi,90,2025-11-08T16:15:00Z
453,chest-to-bar-pull-ups,primary,rhomboids,85,2025-11-08T16:15:00Z
454,chest-to-bar-pull-ups,primary,biceps-brachii,85,2025-11-08T16:15:00Z
455,chest-to-bar-pull-ups,primary,middle-deltoid,80,2025-11-08T16:15:00Z
456,chest-to-bar-pull-ups,secondary,trapezius,70,2025-11-08T16:15:00Z
457,chest-to-bar-pull-ups,secondary,core-muscles,65,2025-11-08T16:15:00Z
458,chest-to-bar-pull-ups,secondary,forearms,75,2025-11-08T16:15:00Z
459,chest-to-bar-pull-ups,stabilizer,erector-spinae,60,2025-11-08T16:15:00Z
460,muscle-up,primary,latissimus-dorsi,95,2025-11-08T16:20:00Z
461,muscle-up,primary,rhomboids,90,2025-11-08T16:20:00Z
462,muscle-up,primary,biceps-brachii,90,2025-11-08T16:20:00Z
463,muscle-up,primary,triceps-brachii,85,2025-11-08T16:20:00Z
464,muscle-up,primary,anterior-deltoid,85,2025-11-08T16:20:00Z
465,muscle-up,primary,middle-deltoid,80,2025-11-08T16:20:00Z
466,muscle-up,secondary,trapezius,75,2025-11-08T16:20:00Z
467,muscle-up,secondary,core-muscles,80,2025-11-08T16:20:00Z
468,muscle-up,secondary,forearms,85,2025-11-08T16:20:00Z
469,muscle-up,secondary,pectoralis-major,70,2025-11-08T16:20:00Z
470,muscle-up,stabilizer,erector-spinae,70,2025-11-08T16:20:00Z
471,pull-ups-rings,primary,latissimus-dorsi,90,2025-11-08T17:00:00Z
472,pull-ups-rings,primary,rhomboids,85,2025-11-08T17:00:00Z
473,pull-ups-rings,primary,biceps-brachii,85,2025-11-08T17:00:00Z
474,pull-ups-rings,primary,middle-deltoid,80,2025-11-08T17:00:00Z
475,pull-ups-rings,secondary,trapezius,75,2025-11-08T17:00:00Z
476,pull-ups-rings,secondary,core-muscles,85,2025-11-08T17:00:00Z
477,pull-ups-rings,secondary,forearms,80,2025-11-08T17:00:00Z
478,pull-ups-rings,secondary,brachialis,70,2025-11-08T17:00:00Z
479,pull-ups-rings,stabilizer,erector-spinae,75,2025-11-08T17:00:00Z
480,pull-ups-rings,stabilizer,posterior-deltoid,70,2025-11-08T17:00:00Z
481,pull-ups-rings-wide-grip,primary,latissimus-dorsi,95,2025-11-08T17:05:00Z
482,pull-ups-rings-wide-grip,primary,rhomboids,90,2025-11-08T17:05:00Z
483,pull-ups-rings-wide-grip,primary,middle-deltoid,85,2025-11-08T17:05:00Z
484,pull-ups-rings-wide-grip,secondary,trapezius,80,2025-11-08T17:05:00Z
485,pull-ups-rings-wide-grip,secondary,biceps-brachii,60,2025-11-08T17:05:00Z
486,pull-ups-rings-wide-grip,secondary,core-muscles,85,2025-11-08T17:05:00Z
487,pull-ups-rings-wide-grip,secondary,forearms,75,2025-11-08T17:05:00Z
488,pull-ups-rings-wide-grip,stabilizer,erector-spinae,80,2025-11-08T17:05:00Z
489,pull-ups-rings-wide-grip,stabilizer,posterior-deltoid,75,2025-11-08T17:05:00Z
490,trx-row-standing,primary,latissimus-dorsi,85,2025-11-08T17:10:00Z
491,trx-row-standing,primary,rhomboids,80,2025-11-08T17:10:00Z
492,trx-row-standing,primary,middle-deltoid,75,2025-11-08T17:10:00Z
493,trx-row-standing,primary,biceps-brachii,75,2025-11-08T17:10:00Z
494,trx-row-standing,secondary,trapezius,70,2025-11-08T17:10:00Z
495,trx-row-standing,secondary,core-muscles,80,2025-11-08T17:10:00Z
496,trx-row-standing,secondary,forearms,70,2025-11-08T17:10:00Z
497,trx-row-standing,secondary,brachialis,65,2025-11-08T17:10:00Z
498,trx-row-standing,stabilizer,erector-spinae,70,2025-11-08T17:10:00Z
499,trx-row-standing,stabilizer,posterior-deltoid,65,2025-11-08T17:10:00Z
500,trx-pull-ups-assisted,primary,latissimus-dorsi,75,2025-11-08T17:15:00Z
501,trx-pull-ups-assisted,primary,rhomboids,70,2025-11-08T17:15:00Z
502,trx-pull-ups-assisted,primary,biceps-brachii,70,2025-11-08T17:15:00Z
503,trx-pull-ups-assisted,primary,middle-deltoid,65,2025-11-08T17:15:00Z
504,trx-pull-ups-assisted,secondary,trapezius,60,2025-11-08T17:15:00Z
505,trx-pull-ups-assisted,secondary,core-muscles,70,2025-11-08T17:15:00Z
506,trx-pull-ups-assisted,secondary,forearms,65,2025-11-08T17:15:00Z
507,trx-pull-ups-assisted,secondary,brachialis,60,2025-11-08T17:15:00Z
508,trx-pull-ups-assisted,stabilizer,erector-spinae,60,2025-11-08T17:15:00Z
509,trx-pull-ups-assisted,stabilizer,posterior-deltoid,55,2025-11-08T17:15:00Z
510,lat-pulldown-wide-grip,primary,latissimus-dorsi,85,2025-11-08T18:00:00Z
511,lat-pulldown-wide-grip,primary,rhomboids,75,2025-11-08T18:00:00Z
512,lat-pulldown-wide-grip,primary,middle-deltoid,70,2025-11-08T18:00:00Z
513,lat-pulldown-wide-grip,secondary,biceps-brachii,50,2025-11-08T18:00:00Z
514,lat-pulldown-wide-grip,secondary,trapezius,60,2025-11-08T18:00:00Z
515,lat-pulldown-wide-grip,secondary,core-muscles,40,2025-11-08T18:00:00Z
516,lat-pulldown-wide-grip,stabilizer,erector-spinae,50,2025-11-08T18:00:00Z
517,lat-pulldown-wide-grip,stabilizer,posterior-deltoid,55,2025-11-08T18:00:00Z
518,lat-pulldown-medium-grip,primary,latissimus-dorsi,80,2025-11-08T18:05:00Z
519,lat-pulldown-medium-grip,primary,rhomboids,70,2025-11-08T18:05:00Z
520,lat-pulldown-medium-grip,primary,biceps-brachii,70,2025-11-08T18:05:00Z
521,lat-pulldown-medium-grip,primary,middle-deltoid,65,2025-11-08T18:05:00Z
522,lat-pulldown-medium-grip,secondary,trapezius,60,2025-11-08T18:05:00Z
523,lat-pulldown-medium-grip,secondary,core-muscles,40,2025-11-08T18:05:00Z
524,lat-pulldown-medium-grip,secondary,forearms,55,2025-11-08T18:05:00Z
525,lat-pulldown-medium-grip,stabilizer,erector-spinae,50,2025-11-08T18:05:00Z
526,lat-pulldown-medium-grip,stabilizer,posterior-deltoid,55,2025-11-08T18:05:00Z
527,lat-pulldown-close-grip,primary,latissimus-dorsi,75,2025-11-08T18:10:00Z
528,lat-pulldown-close-grip,primary,rhomboids,70,2025-11-08T18:10:00Z
529,lat-pulldown-close-grip,primary,biceps-brachii,80,2025-11-08T18:10:00Z
530,lat-pulldown-close-grip,primary,brachialis,75,2025-11-08T18:10:00Z
531,lat-pulldown-close-grip,secondary,trapezius,60,2025-11-08T18:10:00Z
532,lat-pulldown-close-grip,secondary,core-muscles,40,2025-11-08T18:10:00Z
533,lat-pulldown-close-grip,secondary,forearms,60,2025-11-08T18:10:00Z
534,lat-pulldown-close-grip,secondary,middle-deltoid,55,2025-11-08T18:10:00Z
535,lat-pulldown-close-grip,stabilizer,erector-spinae,50,2025-11-08T18:10:00Z
536,lat-pulldown-close-grip,stabilizer,posterior-deltoid,50,2025-11-08T18:10:00Z
537,lat-pulldown-underhand-grip,primary,biceps-brachii,85,2025-11-08T18:15:00Z
538,lat-pulldown-underhand-grip,primary,latissimus-dorsi,75,2025-11-08T18:15:00Z
539,lat-pulldown-underhand-grip,primary,rhomboids,70,2025-11-08T18:15:00Z
540,lat-pulldown-underhand-grip,primary,brachialis,80,2025-11-08T18:15:00Z
541,lat-pulldown-underhand-grip,secondary,trapezius,60,2025-11-08T18:15:00Z
542,lat-pulldown-underhand-grip,secondary,core-muscles,40,2025-11-08T18:15:00Z
543,lat-pulldown-underhand-grip,secondary,forearms,65,2025-11-08T18:15:00Z
544,lat-pulldown-underhand-grip,secondary,lower-latissimus-dorsi,70,2025-11-08T18:15:00Z
545,lat-pulldown-underhand-grip,stabilizer,erector-spinae,50,2025-11-08T18:15:00Z
546,lat-pulldown-underhand-grip,stabilizer,posterior-deltoid,50,2025-11-08T18:15:00Z
547,lat-pulldown-neutral-grip,primary,latissimus-dorsi,80,2025-11-08T18:20:00Z
548,lat-pulldown-neutral-grip,primary,rhomboids,70,2025-11-08T18:20:00Z
549,lat-pulldown-neutral-grip,primary,biceps-brachii,75,2025-11-08T18:20:00Z
550,lat-pulldown-neutral-grip,primary,middle-deltoid,65,2025-11-08T18:20:00Z
551,lat-pulldown-neutral-grip,secondary,trapezius,60,2025-11-08T18:20:00Z
552,lat-pulldown-neutral-grip,secondary,core-muscles,40,2025-11-08T18:20:00Z
553,lat-pulldown-neutral-grip,secondary,forearms,55,2025-11-08T18:20:00Z
554,lat-pulldown-neutral-grip,secondary,brachialis,70,2025-11-08T18:20:00Z
555,lat-pulldown-neutral-grip,stabilizer,erector-spinae,50,2025-11-08T18:20:00Z
556,lat-pulldown-neutral-grip,stabilizer,posterior-deltoid,55,2025-11-08T18:20:00Z
557,lat-pulldown-behind-neck,primary,latissimus-dorsi,80,2025-11-08T19:00:00Z
558,lat-pulldown-behind-neck,primary,rhomboids,80,2025-11-08T19:00:00Z
559,lat-pulldown-behind-neck,primary,middle-deltoid,75,2025-11-08T19:00:00Z
560,lat-pulldown-behind-neck,primary,posterior-deltoid,85,2025-11-08T19:00:00Z
561,lat-pulldown-behind-neck,secondary,trapezius,70,2025-11-08T19:00:00Z
562,lat-pulldown-behind-neck,secondary,biceps-brachii,45,2025-11-08T19:00:00Z
563,lat-pulldown-behind-neck,stabilizer,erector-spinae,50,2025-11-08T19:00:00Z
564,lat-pulldown-straight-arm,primary,latissimus-dorsi,90,2025-11-08T19:05:00Z
565,lat-pulldown-straight-arm,secondary,rhomboids,60,2025-11-08T19:05:00Z
566,lat-pulldown-straight-arm,secondary,serratus-anterior,55,2025-11-08T19:05:00Z
567,lat-pulldown-straight-arm,secondary,core-muscles,50,2025-11-08T19:05:00Z
568,lat-pulldown-straight-arm,stabilizer,erector-spinae,45,2025-11-08T19:05:00Z
569,lat-pulldown-straight-arm,stabilizer,trapezius,50,2025-11-08T19:05:00Z
570,lat-pulldown-one-arm,primary,latissimus-dorsi,80,2025-11-08T19:10:00Z
571,lat-pulldown-one-arm,primary,rhomboids,75,2025-11-08T19:10:00Z
572,lat-pulldown-one-arm,primary,biceps-brachii,75,2025-11-08T19:10:00Z
573,lat-pulldown-one-arm,primary,middle-deltoid,70,2025-11-08T19:10:00Z
574,lat-pulldown-one-arm,secondary,trapezius,60,2025-11-08T19:10:00Z
575,lat-pulldown-one-arm,secondary,core-muscles,70,2025-11-08T19:10:00Z
576,lat-pulldown-one-arm,secondary,obliques,65,2025-11-08T19:10:00Z
577,lat-pulldown-one-arm,stabilizer,erector-spinae,60,2025-11-08T19:10:00Z
578,lat-pulldown-wide-grip-chest,primary,latissimus-dorsi,85,2025-11-08T19:15:00Z
579,lat-pulldown-wide-grip-chest,primary,rhomboids,75,2025-11-08T19:15:00Z
580,lat-pulldown-wide-grip-chest,primary,middle-deltoid,70,2025-11-08T19:15:00Z
581,lat-pulldown-wide-grip-chest,secondary,biceps-brachii,50,2025-11-08T19:15:00Z
582,lat-pulldown-wide-grip-chest,secondary,trapezius,60,2025-11-08T19:15:00Z
583,lat-pulldown-wide-grip-chest,secondary,core-muscles,40,2025-11-08T19:15:00Z
584,lat-pulldown-wide-grip-chest,stabilizer,erector-spinae,50,2025-11-08T19:15:00Z
585,lat-pulldown-wide-grip-chest,stabilizer,posterior-deltoid,55,2025-11-08T19:15:00Z
586,cable-pulldown-standing,primary,latissimus-dorsi,80,2025-01-15T10:00:00Z
587,cable-pulldown-standing,primary,rhomboids,75,2025-01-15T10:00:00Z
588,cable-pulldown-standing,primary,biceps-brachii,70,2025-01-15T10:00:00Z
589,cable-pulldown-standing,primary,middle-deltoid,65,2025-01-15T10:00:00Z
590,cable-pulldown-standing,secondary,trapezius,60,2025-01-15T10:00:00Z
591,cable-pulldown-standing,secondary,core-muscles,55,2025-01-15T10:00:00Z
592,cable-pulldown-standing,stabilizer,erector-spinae,50,2025-01-15T10:00:00Z
593,cable-pulldown-standing,stabilizer,gluteus-maximus,45,2025-01-15T10:00:00Z
594,cable-pulldown-seated,primary,latissimus-dorsi,85,2025-01-15T10:00:00Z
595,cable-pulldown-seated,primary,rhomboids,75,2025-01-15T10:00:00Z
596,cable-pulldown-seated,primary,biceps-brachii,70,2025-01-15T10:00:00Z
597,cable-pulldown-seated,primary,middle-deltoid,65,2025-01-15T10:00:00Z
598,cable-pulldown-seated,secondary,trapezius,60,2025-01-15T10:00:00Z
599,cable-pulldown-seated,secondary,core-muscles,40,2025-01-15T10:00:00Z
600,cable-pulldown-seated,stabilizer,erector-spinae,50,2025-01-15T10:00:00Z
601,australian-pull-ups,primary,latissimus-dorsi,75,2025-01-15T10:00:00Z
602,australian-pull-ups,primary,rhomboids,70,2025-01-15T10:00:00Z
603,australian-pull-ups,primary,biceps-brachii,65,2025-01-15T10:00:00Z
604,australian-pull-ups,primary,middle-deltoid,60,2025-01-15T10:00:00Z
605,australian-pull-ups,secondary,trapezius,55,2025-01-15T10:00:00Z
606,australian-pull-ups,secondary,core-muscles,50,2025-01-15T10:00:00Z
607,australian-pull-ups,stabilizer,erector-spinae,45,2025-01-15T10:00:00Z
608,australian-pull-ups-feet-elevated,primary,latissimus-dorsi,80,2025-01-15T10:00:00Z
609,australian-pull-ups-feet-elevated,primary,rhomboids,75,2025-01-15T10:00:00Z
610,australian-pull-ups-feet-elevated,primary,biceps-brachii,70,2025-01-15T10:00:00Z
611,australian-pull-ups-feet-elevated,primary,middle-deltoid,65,2025-01-15T10:00:00Z
612,australian-pull-ups-feet-elevated,secondary,trapezius,60,2025-01-15T10:00:00Z
613,australian-pull-ups-feet-elevated,secondary,core-muscles,55,2025-01-15T10:00:00Z
614,australian-pull-ups-feet-elevated,stabilizer,erector-spinae,50,2025-01-15T10:00:00Z
615,australian-pull-ups-underhand-grip,primary,biceps-brachii,85,2025-01-15T10:00:00Z
616,australian-pull-ups-underhand-grip,primary,latissimus-dorsi,75,2025-01-15T10:00:00Z
617,australian-pull-ups-underhand-grip,primary,rhomboids,70,2025-01-15T10:00:00Z
618,australian-pull-ups-underhand-grip,primary,brachialis,70,2025-01-15T10:00:00Z
619,australian-pull-ups-underhand-grip,secondary,lower-latissimus-dorsi,65,2025-01-15T10:00:00Z
620,australian-pull-ups-underhand-grip,secondary,trapezius,55,2025-01-15T10:00:00Z
621,australian-pull-ups-underhand-grip,secondary,core-muscles,50,2025-01-15T10:00:00Z
622,australian-pull-ups-underhand-grip,stabilizer,erector-spinae,45,2025-01-15T10:00:00Z
623,dumbbell-one-arm-row,primary,latissimus-dorsi,85,2025-01-15T10:00:00Z
624,dumbbell-one-arm-row,primary,rhomboids,80,2025-01-15T10:00:00Z
625,dumbbell-one-arm-row,primary,middle-deltoid,70,2025-01-15T10:00:00Z
626,dumbbell-one-arm-row,primary,biceps-brachii,75,2025-01-15T10:00:00Z
627,dumbbell-one-arm-row,secondary,trapezius,60,2025-01-15T10:00:00Z
628,dumbbell-one-arm-row,secondary,core-muscles,65,2025-01-15T10:00:00Z
629,dumbbell-one-arm-row,stabilizer,erector-spinae,55,2025-01-15T10:00:00Z
630,dumbbell-bent-over-row,primary,latissimus-dorsi,85,2025-01-15T10:00:00Z
631,dumbbell-bent-over-row,primary,rhomboids,80,2025-01-15T10:00:00Z
632,dumbbell-bent-over-row,primary,middle-deltoid,70,2025-01-15T10:00:00Z
633,dumbbell-bent-over-row,primary,biceps-brachii,75,2025-01-15T10:00:00Z
634,dumbbell-bent-over-row,secondary,trapezius,60,2025-01-15T10:00:00Z
635,dumbbell-bent-over-row,secondary,core-muscles,50,2025-01-15T10:00:00Z
636,dumbbell-bent-over-row,stabilizer,erector-spinae,55,2025-01-15T10:00:00Z
637,dumbbell-incline-bench-row,primary,latissimus-dorsi,80,2025-01-15T10:00:00Z
638,dumbbell-incline-bench-row,primary,rhomboids,75,2025-01-15T10:00:00Z
639,dumbbell-incline-bench-row,primary,middle-deltoid,65,2025-01-15T10:00:00Z
640,dumbbell-incline-bench-row,primary,biceps-brachii,70,2025-01-15T10:00:00Z
641,dumbbell-incline-bench-row,secondary,trapezius,55,2025-01-15T10:00:00Z
642,dumbbell-incline-bench-row,secondary,core-muscles,40,2025-01-15T10:00:00Z
643,plank-row,primary,latissimus-dorsi,80,2025-01-15T10:00:00Z
644,plank-row,primary,rhomboids,75,2025-01-15T10:00:00Z
645,plank-row,primary,middle-deltoid,65,2025-01-15T10:00:00Z
646,plank-row,primary,biceps-brachii,70,2025-01-15T10:00:00Z
647,plank-row,primary,transverse-abdominis,85,2025-01-15T10:00:00Z
648,plank-row,primary,rectus-abdominis,80,2025-01-15T10:00:00Z
649,plank-row,secondary,trapezius,60,2025-01-15T10:00:00Z
650,plank-row,secondary,core-muscles,75,2025-01-15T10:00:00Z
651,plank-row,stabilizer,erector-spinae,70,2025-01-15T10:00:00Z
652,barbell-bent-over-row,primary,latissimus-dorsi,85,2025-01-15T10:00:00Z
653,barbell-bent-over-row,primary,rhomboids,80,2025-01-15T10:00:00Z
654,barbell-bent-over-row,primary,middle-deltoid,75,2025-01-15T10:00:00Z
655,barbell-bent-over-row,primary,biceps-brachii,70,2025-01-15T10:00:00Z
656,barbell-bent-over-row,secondary,trapezius,65,2025-01-15T10:00:00Z
657,barbell-bent-over-row,secondary,erector-spinae,60,2025-01-15T10:00:00Z
658,barbell-bent-over-row,secondary,forearms,55,2025-01-15T10:00:00Z
659,barbell-bent-over-row-underhand,primary,latissimus-dorsi,80,2025-01-15T10:00:00Z
660,barbell-bent-over-row-underhand,primary,biceps-brachii,85,2025-01-15T10:00:00Z
661,barbell-bent-over-row-underhand,primary,brachialis,75,2025-01-15T10:00:00Z
662,barbell-bent-over-row-underhand,primary,rhomboids,75,2025-01-15T10:00:00Z
663,barbell-bent-over-row-underhand,secondary,middle-deltoid,70,2025-01-15T10:00:00Z
664,barbell-bent-over-row-underhand,secondary,trapezius,65,2025-01-15T10:00:00Z
665,barbell-bent-over-row-underhand,secondary,lower-latissimus-dorsi,70,2025-01-15T10:00:00Z
666,yates-row,primary,latissimus-dorsi,75,2025-01-15T10:00:00Z
667,yates-row,primary,rhomboids,85,2025-01-15T10:00:00Z
668,yates-row,primary,posterior-deltoid,80,2025-01-15T10:00:00Z
669,yates-row,primary,middle-deltoid,75,2025-01-15T10:00:00Z
670,yates-row,primary,trapezius,80,2025-01-15T10:00:00Z
671,yates-row,secondary,biceps-brachii,65,2025-01-15T10:00:00Z
672,yates-row,secondary,erector-spinae,55,2025-01-15T10:00:00Z
673,pendlay-row,primary,latissimus-dorsi,85,2025-01-15T10:00:00Z
674,pendlay-row,primary,rhomboids,80,2025-01-15T10:00:00Z
675,pendlay-row,primary,middle-deltoid,75,2025-01-15T10:00:00Z
676,pendlay-row,primary,biceps-brachii,70,2025-01-15T10:00:00Z
677,pendlay-row,secondary,trapezius,70,2025-01-15T10:00:00Z
678,pendlay-row,secondary,erector-spinae,75,2025-01-15T10:00:00Z
679,pendlay-row,secondary,forearms,65,2025-01-15T10:00:00Z
680,ez-bar-bent-over-row,primary,latissimus-dorsi,85,2025-01-15T10:00:00Z
681,ez-bar-bent-over-row,primary,rhomboids,80,2025-01-15T10:00:00Z
682,ez-bar-bent-over-row,primary,middle-deltoid,75,2025-01-15T10:00:00Z
683,ez-bar-bent-over-row,primary,biceps-brachii,70,2025-01-15T10:00:00Z
684,ez-bar-bent-over-row,secondary,trapezius,65,2025-01-15T10:00:00Z
685,ez-bar-bent-over-row,secondary,erector-spinae,60,2025-01-15T10:00:00Z
686,ez-bar-bent-over-row,secondary,forearms,55,2025-01-15T10:00:00Z
687,swiss-bar-row,primary,latissimus-dorsi,85,2025-01-15T10:00:00Z
688,swiss-bar-row,primary,rhomboids,80,2025-01-15T10:00:00Z
689,swiss-bar-row,primary,middle-deltoid,75,2025-01-15T10:00:00Z
690,swiss-bar-row,primary,biceps-brachii,70,2025-01-15T10:00:00Z
691,swiss-bar-row,secondary,trapezius,65,2025-01-15T10:00:00Z
692,swiss-bar-row,secondary,erector-spinae,60,2025-01-15T10:00:00Z
693,swiss-bar-row,secondary,forearms,55,2025-01-15T10:00:00Z
693,cable-seated-row,primary,latissimus-dorsi,85,2025-01-15T10:00:00Z
694,cable-seated-row,primary,rhomboids,80,2025-01-15T10:00:00Z
695,cable-seated-row,primary,middle-deltoid,75,2025-01-15T10:00:00Z
695,cable-seated-row,primary,biceps-brachii,70,2025-01-15T10:00:00Z
696,cable-seated-row,secondary,trapezius,60,2025-01-15T10:00:00Z
697,cable-seated-row,secondary,core-muscles,40,2025-01-15T10:00:00Z
698,cable-seated-row,stabilizer,erector-spinae,50,2025-01-15T10:00:00Z
699,cable-standing-row,primary,latissimus-dorsi,85,2025-01-15T10:00:00Z
700,cable-standing-row,primary,rhomboids,80,2025-01-15T10:00:00Z
701,cable-standing-row,primary,middle-deltoid,75,2025-01-15T10:00:00Z
702,cable-standing-row,primary,biceps-brachii,70,2025-01-15T10:00:00Z
703,cable-standing-row,secondary,trapezius,60,2025-01-15T10:00:00Z
704,cable-standing-row,secondary,core-muscles,55,2025-01-15T10:00:00Z
706,cable-standing-row,stabilizer,erector-spinae,60,2025-01-15T10:00:00Z
707,cable-standing-row,stabilizer,gluteus-maximus,45,2025-01-15T10:00:00Z
708,cable-one-arm-row,primary,latissimus-dorsi,85,2025-01-15T10:00:00Z
709,cable-one-arm-row,primary,rhomboids,80,2025-01-15T10:00:00Z
710,cable-one-arm-row,primary,middle-deltoid,75,2025-01-15T10:00:00Z
711,cable-one-arm-row,primary,biceps-brachii,70,2025-01-15T10:00:00Z
712,cable-one-arm-row,secondary,trapezius,60,2025-01-15T10:00:00Z
713,cable-one-arm-row,secondary,core-muscles,65,2025-01-15T10:00:00Z
714,cable-one-arm-row,secondary,obliques,55,2025-01-15T10:00:00Z
715,cable-one-arm-row,stabilizer,erector-spinae,70,2025-01-15T10:00:00Z
716,cable-one-arm-row,stabilizer,transverse-abdominis,60,2025-01-15T10:00:00Z
717,cable-wide-grip-row,primary,latissimus-dorsi,80,2025-01-15T10:00:00Z
718,cable-wide-grip-row,primary,rhomboids,85,2025-01-15T10:00:00Z
719,cable-wide-grip-row,primary,middle-deltoid,80,2025-01-15T10:00:00Z
720,cable-wide-grip-row,secondary,biceps-brachii,60,2025-01-15T10:00:00Z
721,cable-wide-grip-row,secondary,trapezius,70,2025-01-15T10:00:00Z
722,cable-wide-grip-row,secondary,core-muscles,40,2025-01-15T10:00:00Z
723,cable-wide-grip-row,stabilizer,erector-spinae,50,2025-01-15T10:00:00Z
724,cable-wide-grip-row,stabilizer,posterior-deltoid,55,2025-01-15T10:00:00Z
725,cable-close-grip-row,primary,latissimus-dorsi,80,2025-01-15T10:00:00Z
726,cable-close-grip-row,primary,rhomboids,75,2025-01-15T10:00:00Z
727,cable-close-grip-row,primary,biceps-brachii,85,2025-01-15T10:00:00Z
728,cable-close-grip-row,primary,brachialis,75,2025-01-15T10:00:00Z
729,cable-close-grip-row,secondary,trapezius,60,2025-01-15T10:00:00Z
730,cable-close-grip-row,secondary,middle-deltoid,65,2025-01-15T10:00:00Z
731,cable-close-grip-row,secondary,core-muscles,40,2025-01-15T10:00:00Z
732,cable-close-grip-row,stabilizer,erector-spinae,50,2025-01-15T10:00:00Z
733,cable-horizontal-row-underhand-grip,primary,biceps-brachii,90,2025-01-15T10:00:00Z
734,cable-horizontal-row-underhand-grip,primary,latissimus-dorsi,75,2025-01-15T10:00:00Z
735,cable-horizontal-row-underhand-grip,primary,rhomboids,70,2025-01-15T10:00:00Z
736,cable-horizontal-row-underhand-grip,primary,brachialis,80,2025-01-15T10:00:00Z
737,cable-horizontal-row-underhand-grip,secondary,trapezius,60,2025-01-15T10:00:00Z
738,cable-horizontal-row-underhand-grip,secondary,middle-deltoid,55,2025-01-15T10:00:00Z
739,cable-horizontal-row-underhand-grip,secondary,core-muscles,40,2025-01-15T10:00:00Z
740,cable-horizontal-row-neutral-grip,primary,latissimus-dorsi,80,2025-01-15T10:00:00Z
741,cable-horizontal-row-neutral-grip,primary,rhomboids,75,2025-01-15T10:00:00Z
742,cable-horizontal-row-neutral-grip,primary,biceps-brachii,75,2025-01-15T10:00:00Z
743,cable-horizontal-row-neutral-grip,primary,middle-deltoid,70,2025-01-15T10:00:00Z
744,cable-horizontal-row-neutral-grip,secondary,trapezius,65,2025-01-15T10:00:00Z
745,cable-horizontal-row-neutral-grip,secondary,brachialis,70,2025-01-15T10:00:00Z
746,cable-horizontal-row-neutral-grip,secondary,core-muscles,40,2025-01-15T10:00:00Z
747,cable-crossover-row-high,primary,latissimus-dorsi,75,2025-01-15T10:00:00Z
748,cable-crossover-row-high,primary,rhomboids,80,2025-01-15T10:00:00Z
749,cable-crossover-row-high,primary,middle-deltoid,75,2025-01-15T10:00:00Z
750,cable-crossover-row-high,secondary,biceps-brachii,65,2025-01-15T10:00:00Z
751,cable-crossover-row-high,secondary,trapezius,70,2025-01-15T10:00:00Z
752,cable-crossover-row-high,secondary,core-muscles,50,2025-01-15T10:00:00Z
753,cable-crossover-row-high,stabilizer,erector-spinae,55,2025-01-15T10:00:00Z
754,cable-crossover-row-low,primary,latissimus-dorsi,85,2025-01-15T10:00:00Z
755,cable-crossover-row-low,primary,rhomboids,75,2025-01-15T10:00:00Z
756,cable-crossover-row-low,primary,middle-deltoid,70,2025-01-15T10:00:00Z
757,cable-crossover-row-low,primary,biceps-brachii,75,2025-01-15T10:00:00Z
758,cable-crossover-row-low,secondary,trapezius,65,2025-01-15T10:00:00Z
759,cable-crossover-row-low,secondary,brachialis,70,2025-01-15T10:00:00Z
760,cable-crossover-row-low,secondary,core-muscles,50,2025-01-15T10:00:00Z
761,cable-crossover-row-low,stabilizer,erector-spinae,55,2025-01-15T10:00:00Z
762,cable-horizontal-row-kneeling,primary,latissimus-dorsi,80,2025-01-15T10:00:00Z
763,cable-horizontal-row-kneeling,primary,rhomboids,75,2025-01-15T10:00:00Z
764,cable-horizontal-row-kneeling,primary,middle-deltoid,70,2025-01-15T10:00:00Z
765,cable-horizontal-row-kneeling,primary,biceps-brachii,75,2025-01-15T10:00:00Z
766,cable-horizontal-row-kneeling,secondary,trapezius,65,2025-01-15T10:00:00Z
767,cable-horizontal-row-kneeling,secondary,core-muscles,55,2025-01-15T10:00:00Z
768,cable-horizontal-row-kneeling,secondary,transverse-abdominis,50,2025-01-15T10:00:00Z
769,cable-horizontal-row-kneeling,stabilizer,erector-spinae,60,2025-01-15T10:00:00Z
770,hammer-strength-row,primary,latissimus-dorsi,85,2025-11-08T20:00:00Z
771,hammer-strength-row,primary,rhomboids,80,2025-11-08T20:00:00Z
772,hammer-strength-row,primary,middle-deltoid,75,2025-11-08T20:00:00Z
773,hammer-strength-row,primary,biceps-brachii,70,2025-11-08T20:00:00Z
774,hammer-strength-row,secondary,trapezius,65,2025-11-08T20:00:00Z
775,hammer-strength-row,secondary,core-muscles,40,2025-11-08T20:00:00Z
776,hammer-strength-row,stabilizer,erector-spinae,45,2025-11-08T20:00:00Z
777,t-bar-row-machine,primary,latissimus-dorsi,88,2025-11-08T20:00:00Z
778,t-bar-row-machine,primary,rhomboids,82,2025-11-08T20:00:00Z
779,t-bar-row-machine,primary,middle-deltoid,75,2025-11-08T20:00:00Z
780,t-bar-row-machine,primary,biceps-brachii,72,2025-11-08T20:00:00Z
781,t-bar-row-machine,secondary,trapezius,68,2025-11-08T20:00:00Z
782,t-bar-row-machine,secondary,core-muscles,35,2025-11-08T20:00:00Z
783,t-bar-row-machine,stabilizer,erector-spinae,40,2025-11-08T20:00:00Z
784,trx-row,primary,latissimus-dorsi,80,2025-11-30T19:52:21Z
785,trx-row,primary,rhomboids,75,2025-11-30T19:52:21Z
786,trx-row,primary,middle-deltoid,70,2025-11-30T19:52:21Z
787,trx-row,primary,biceps-brachii,70,2025-11-30T19:52:21Z
788,trx-row,secondary,trapezius,65,2025-11-30T19:52:21Z
789,trx-row,secondary,core-muscles,75,2025-11-30T19:52:21Z
790,trx-row,secondary,forearms,65,2025-11-30T19:52:21Z
791,trx-row,secondary,brachialis,60,2025-11-30T19:52:21Z
792,trx-row,stabilizer,erector-spinae,65,2025-11-30T19:52:21Z
793,trx-row,stabilizer,posterior-deltoid,60,2025-11-30T19:52:21Z
794,trx-row-wide-grip,primary,latissimus-dorsi,85,2025-11-30T19:52:21Z
795,trx-row-wide-grip,primary,rhomboids,80,2025-11-30T19:52:21Z
796,trx-row-wide-grip,primary,middle-deltoid,75,2025-11-30T19:52:21Z
797,trx-row-wide-grip,secondary,trapezius,70,2025-11-30T19:52:21Z
798,trx-row-wide-grip,secondary,biceps-brachii,60,2025-11-30T19:52:21Z
799,trx-row-wide-grip,secondary,core-muscles,75,2025-11-30T19:52:21Z
800,trx-row-wide-grip,secondary,forearms,65,2025-11-30T19:52:21Z
801,trx-row-wide-grip,stabilizer,erector-spinae,70,2025-11-30T19:52:21Z
802,trx-row-wide-grip,stabilizer,posterior-deltoid,65,2025-11-30T19:52:21Z
803,trx-row-close-grip,primary,latissimus-dorsi,75,2025-11-30T19:52:21Z
804,trx-row-close-grip,primary,rhomboids,75,2025-11-30T19:52:21Z
805,trx-row-close-grip,primary,biceps-brachii,80,2025-11-30T19:52:21Z
806,trx-row-close-grip,primary,brachialis,75,2025-11-30T19:52:21Z
807,trx-row-close-grip,secondary,trapezius,65,2025-11-30T19:52:21Z
808,trx-row-close-grip,secondary,middle-deltoid,65,2025-11-30T19:52:21Z
809,trx-row-close-grip,secondary,core-muscles,75,2025-11-30T19:52:21Z
810,trx-row-close-grip,secondary,forearms,70,2025-11-30T19:52:21Z
811,trx-row-close-grip,stabilizer,erector-spinae,65,2025-11-30T19:52:21Z
812,trx-row-close-grip,stabilizer,posterior-deltoid,60,2025-11-30T19:52:21Z
813,trx-row-archer,primary,latissimus-dorsi,85,2025-11-30T19:52:21Z
814,trx-row-archer,primary,rhomboids,80,2025-11-30T19:52:21Z
815,trx-row-archer,primary,middle-deltoid,75,2025-11-30T19:52:21Z
816,trx-row-archer,primary,biceps-brachii,75,2025-11-30T19:52:21Z
817,trx-row-archer,secondary,trapezius,70,2025-11-30T19:52:21Z
818,trx-row-archer,secondary,core-muscles,90,2025-11-30T19:52:21Z
819,trx-row-archer,secondary,obliques,85,2025-11-30T19:52:21Z
820,trx-row-archer,secondary,forearms,70,2025-11-30T19:52:21Z
821,trx-row-archer,secondary,brachialis,70,2025-11-30T19:52:21Z
822,trx-row-archer,stabilizer,erector-spinae,80,2025-11-30T19:52:21Z
823,trx-row-archer,stabilizer,posterior-deltoid,65,2025-11-30T19:52:21Z
824,trx-row-archer,stabilizer,gluteus-maximus,75,2025-11-30T19:52:21Z
